id,code,icao,city,region,runways,elev,lat,lon,desc
1,ATL,KATL,Atlanta,US-GA,5,1026,33.6366996765137,-84.4281005859375,Hartsfield - Jackson Atlanta International Airport
2,ANC,PANC,Anchorage,US-AK,3,151,61.1744003295898,-149.996002197266,Anchorage Ted Stevens
3,AUS,KAUS,Austin,US-TX,2,542,30.1944999694824,-97.6698989868164,Austin Bergstrom International Airport
4,BNA,KBNA,Nashville,US-TN,4,599,36.1245002746582,-86.6781997680664,Nashville International Airport
5,BOS,KBOS,Boston,US-MA,6,19,42.36429977,-71.00520325,Boston Logan
6,BWI,KBWI,Baltimore,US-MD,3,143,39.17539978,-76.66829681,Baltimore/Washington International Airport
7,DCA,KDCA,Washington D.C.,US-DC,3,14,38.8521003723145,-77.0376968383789,Ronald Reagan Washington National Airport
8,DFW,KDFW,Dallas,US-TX,7,607,32.896800994873,-97.0380020141602,Dallas/Fort Worth International Airport
9,FLL,KFLL,Fort Lauderdale,US-FL,2,64,26.0725994110107,-80.152702331543,Fort Lauderdale/Hollywood International Airport
10,IAD,KIAD,Washington D.C.,US-VA,4,313,38.94449997,-77.45580292,Washington Dulles International Airport
11,IAH,KIAH,Houston,US-TX,5,96,29.9843997955322,-95.3414001464844,George Bush Intercontinental
12,JFK,KJFK,New York,US-NY,4,12,40.63980103,-73.77890015,New York John F. Kennedy International Airport
13,LAX,KLAX,Los Angeles,US-CA,4,127,33.94250107,-118.4079971,Los Angeles International Airport
14,LGA,KLGA,New York,US-NY,2,20,40.77719879,-73.87259674,New York La Guardia
15,MCO,KMCO,Orlando,US-FL,4,96,28.4293994903564,-81.3089981079102,Orlando International Airport
16,MIA,KMIA,Miami,US-FL,4,8,25.7931995391846,-80.2906036376953,Miami International Airport
17,MSP,KMSP,Minneapolis,US-MN,4,841,44.8819999695,-93.2218017578,Minneapolis-St.Paul International Airport
18,ORD,KORD,Chicago,US-IL,7,672,41.97859955,-87.90480042,Chicago O'Hare International Airport
19,PBI,KPBI,West Palm Beach,US-FL,3,19,26.6832008361816,-80.0955963134766,Palm Beach International Airport
20,PHX,KPHX,Phoenix,US-AZ,3,1135,33.4342994689941,-112.012001037598,Phoenix Sky Harbor International Airport
21,RDU,KRDU,Raleigh,US-NC,3,435,35.8776016235352,-78.7874984741211,Raleigh-Durham
22,SEA,KSEA,Seattle,US-WA,3,432,47.4490013122559,-122.30899810791,Seattle-Tacoma
23,SFO,KSFO,San Francisco,US-CA,4,13,37.6189994812012,-122.375,San Francisco International Airport
24,SJC,KSJC,San Jose,US-CA,3,62,37.3625984191895,-121.929000854492,Norman Y. Mineta San Jose International Airport
25,TPA,KTPA,Tampa,US-FL,3,26,27.9755001068115,-82.533203125,Tampa International Airport
26,SAN,KSAN,San Diego,US-CA,1,16,32.7336006165,-117.190002441,San Diego Lindbergh
27,LGB,KLGB,Long Beach,US-CA,3,60,33.81769943,-118.1520004,Long Beach Airport
28,SNA,KSNA,Santa Ana,US-CA,2,56,33.67570114,-117.8679962,"Orange County/Santa Ana, John Wayne"
29,SLC,KSLC,Salt Lake City,US-UT,4,56,40.7883987426758,-111.977996826172,Salt Lake City
30,LAS,KLAS,Las Vegas,US-NV,4,2181,36.08010101,-115.1520004,Las Vegas Mc Carran
31,DEN,KDEN,Denver,US-CO,6,5433,39.8616981506348,-104.672996520996,Denver International Airport
32,HPN,KHPN,White Plains,US-NY,2,439,41.0670013427734,-73.7076034545898,Westchester County
33,SAT,KSAT,San Antonio,US-TX,3,809,29.5337009429932,-98.4698028564453,San Antonio
34,MSY,KMSY,New Orleans,US-LA,2,3,29.9934005737305,-90.2580032348633,New Orleans L. Armstrong
35,EWR,KEWR,Newark,US-NY,3,17,40.6925010681152,-74.168701171875,"Newark, Liberty"
36,CID,KCID,Cedar Rapids,US-IA,2,869,41.8847007751465,-91.7108001708984,The Eastern Iowa Airport
37,HNL,PHNL,Honolulu,US-HI,4,13,21.3187007904053,-157.921997070312,Honolulu International Airport
38,HOU,KHOU,Houston,US-TX,4,46,29.64539909,-95.27890015,Houston Hobby
39,ELP,KELP,El Paso,US-TX,3,3961,31.80719948,-106.3779984,El Paso International Airport
41,CLE,KCLE,Cleveland,US-OH,3,799,41.4117012024,-81.8498001099,"Cleveland, Hopkins International Airport"
42,OAK,KOAK,Oakland,US-CA,4,9,37.7212982177734,-122.221000671387,Oakland
43,TUS,KTUS,Tucson,US-AZ,3,2643,32.1161003112793,-110.94100189209,Tucson International Airport
44,SAF,KSAF,Santa Fe,US-NM,3,6348,35.617099762,-106.088996887,Santa Fe
45,PHL,KPHL,Philadelphia,US-PA,4,36,39.871898651123,-75.241096496582,Philadelphia International Airport
46,DTW,KDTW,Detroit,US-MI,6,645,42.2123985290527,-83.353401184082,"Detroit Metropolitan, Wayne County"
83,RSW,KRSW,Fort Myers,US-FL,1,30,26.5361995697021,-81.7552032470703,Southwest Florida International Airport
138,TLH,KTLH,Tallahassee,US-FL,2,81,30.3964996337891,-84.3503036499023,Tallahassee Regional Airport
147,PIT,KPIT,Pittsburgh,US-PA,4,1203,40.49150085,-80.23290253,Pittsburgh International Airport
148,PWM,KPWM,Portland,US-ME,2,76,43.64619827,-70.30930328,Portland International Jetport Airport
149,PDX,KPDX,Portland,US-OR,3,31,45.58869934,-122.5979996,Portland International Airport
150,OKC,KOKC,Oaklahoma City,US-OK,4,1295,35.3931007385254,-97.600700378418,"Oaklahoma City, Will Rogers World Airport"
151,ONT,KONT,Ontario,US-CA,2,944,34.0559997558594,-117.600997924805,Ontario International Airport
152,ROC,KROC,Rochester,US-NY,3,559,43.1189002990723,-77.6724014282227,Greater Rochester International Airport
153,RST,KRST,Rochester,US-MN,2,1317,43.9082984924316,-92.5,Rochester International Airport
159,FAI,PAFA,Fairbanks,US-AK,4,439,64.81510162,-147.8560028,Fairbanks International Airport
178,CLT,KCLT,Charlotte,US-NC,4,748,35.2140007019043,-80.9430999755859,Charlotte Douglas International Airport
181,PSP,KPSP,Palm Springs,US-CA,2,477,33.8297004699707,-116.50700378418,Palm Springs International Airport
182,MEM,KMEM,Memphis,US-TN,4,341,35.0424003601074,-89.9766998291016,Memphis International Airport
183,CVG,KCVG,Cincinnati,US-KY,4,896,39.0488014221,-84.6678009033,Cincinnati Northern Kentucky International Airport
184,IND,KIND,Indianapolis,US-IN,3,797,39.7173004150391,-86.2944030761719,Indianapolis International Airport
185,MCI,KMCI,Kansas City,US-MO,3,1026,39.2975997924805,-94.7138977050781,Kansas City International Airport
186,DAL,KDAL,Dallas,US-TX,3,487,32.8470993041992,-96.8517990112305,Dallas Love Field
187,STL,KSTL,St Louis,US-MO,4,618,38.7486991882324,-90.370002746582,Lambert St Louis International Airport
188,ABQ,KABQ,Albuquerque,US-NM,4,5355,35.0401992797852,-106.609001159668,Albuquerque International Sunport Airport
189,MKE,KMKE,Milwaukee,US-WI,5,723,42.9472007751465,-87.896598815918,General Mitchell International Airport
190,MDW,KMDW,Chicago,US-IL,5,620,41.7859992980957,-87.7524032592773,Chicago Midway International Airport
191,HRO,KHRO,Harrison,US-AR,1,1365,36.2615013122559,-93.1547012329102,"Harrison, Boone County Airport"
192,SLN,KSLN,Salina,US-KS,4,1288,38.7910003662109,-97.6521987915039,Salina Municipal Airport
193,OMA,KOMA,Omaha,US-NE,3,984,41.3031997680664,-95.8940963745117,Eppley Airfield
194,TUL,KTUL,Tulsa,US-OK,3,677,36.1983985900879,-95.8880996704102,Tulsa International Airport
196,OGG,PHOG,Kahului,US-HI,2,54,20.8985996246338,-156.429992675781,"Maui, Kahului Airport"
211,EYW,KEYW,Key West,US-FL,1,3,24.5561008453369,-81.7595977783203,Key West International Airport
227,LIT,KLIT,Little Rock,US-AR,3,262,34.7294006348,-92.2242965698,"Little Rock, Bill and Hillary Clinton National Airport/Adams Field"
238,ORF,KORF,Norfolk,US-VA,2,26,36.8945999145508,-76.2012023925781,Norfolk International Airport
239,JAX,KJAX,Jacksonville,US-FL,2,30,30.4941005706787,-81.6878967285156,Jacksonville International Airport
240,PVD,KPVD,Providence,US-RI,2,55,41.7326011657715,-71.4204025268555,"Providence, Theodore Francis Green State Airport"
242,MDT,KMDT,Harrisburg,US-PA,2,310,40.1935005188,-76.7633972168,Harrisburg International Airport
244,SMF,KSMF,Sacramento,US-CA,2,27,38.6954002380371,-121.591003417969,Sacramento International Airport
263,COS,KCOS,Colorado Springs,US-CO,3,6187,38.8058013916016,-104.700996398926,City of Colorado Springs Municipal Airport
264,HSV,KHSV,Huntsville,US-AL,2,629,34.6371994018555,-86.7751007080078,Huntsville International Carl T Jones Field
265,BHM,KBHM,Birmingham,US-AL,2,650,33.56290054,-86.75350189,Birmingham-Shuttlesworth International Airport
267,RAP,KRAP,Rapid City,US-SD,2,3204,44.0452995300293,-103.056999206543,Rapid City Regional Airport
268,SDF,KSDF,Louisville,US-KY,3,501,38.1744003295898,-85.7360000610352,Louisville International Standiford Field
269,BUF,KBUF,Buffalo,US-NY,2,728,42.94049835,-78.73220062,Buffalo Niagara International Airport
270,SHV,KSHV,Shreveport,US-LA,2,258,32.4466018676758,-93.8255996704102,Shreveport Regional Airport
271,BOI,KBOI,Boise,US-ID,3,2871,43.56439972,-116.2229996,Boise Air Terminal/Gowen field
272,LIH,PHLI,Lihue,US-HI,2,153,21.9759998321533,-159.339004516602,"Kuai, Lihue Airport"
273,LBB,KLBB,Lubbock,US-TX,3,3282,33.6636009216309,-101.822998046875,Lubbock Preston Smith International Airport
277,ECP,KECP,Panama City Beach,US-FL,1,69,30.3417,-85.7973,Northwest Florida Beaches International Airport
278,HRL,KHRL,Harlingen,US-TX,3,36,26.2285003662109,-97.6544036865234,"Harlingen, Valley International Airport"
280,RNO,KRNO,Reno,US-NV,3,4415,39.4990997314453,-119.767997741699,Reno Taoe International Airport
281,CMH,KCMH,Columbus,US-OH,2,815,39.9980010986328,-82.8918991088867,"Columbus, Port Columbus International Airport"
282,IDA,KIDA,Idaho Falls,US-ID,2,4744,43.5145988464355,-112.070999145508,Idaho Falls Regional Airport
283,ALB,KALB,Albany,US-NY,2,285,42.7482986450195,-73.8016967773438,Albany International Airport
288,ICT,KICT,Wichita,US-KS,3,1333,37.6498985290527,-97.4330978393555,Wichita Mid Continent Airport
289,MAF,KMAF,Midland,US-TX,4,2871,31.9424991607666,-102.202003479004,Midland International Airport
291,BDL,KBDL,Hartford,US-CT,3,173,41.9388999939,-72.6831970215,Bradley International Airport
292,BIL,KBIL,Billings,US-MT,3,3652,45.8077011108398,-108.542999267578,Billings Logan International Airport
295,SGF,KSGF,Springfield,US-MO,2,1268,37.24570084,-93.38860321,Springfield Branson National Airport
296,RIC,KRIC,Richmond,US-VA,3,167,37.505199432373,-77.3197021484375,Richmond International Airport
300,TXK,KTXK,Texarkana,US-AR,2,390,33.4537010192871,-93.9909973144531,Texarkana Regional Webb Field
301,PIA,KPIA,Peoria,US-IL,2,660,40.6641998291,-89.6932983398,General Wayne A. Downing Peoria International Airport
304,ITO,PHTO,Hilo,US-HI,2,38,19.721399307251,-155.048004150391,Hilo International Airport
305,LEX,KLEX,Lexington,US-KY,1,979,38.0364990234375,-84.6059036254883,Blue Grass Airport
307,ISP,KISP,Islip,US-NY,4,99,40.79520035,-73.10019684,Long Island Mac Arthur Airport
308,IAG,KIAG,Niagara Falls,US-NY,3,589,43.1072998046875,-78.9461975097656,Niagara Falls International Airport
309,SWF,KSWF,Newburgh,US-NY,2,491,41.5041007995605,-74.1047973632812,Stewart International Airport
314,CRP,KCRP,Corpus Christi,US-TX,2,44,27.7703990936279,-97.5011978149414,Corpus Christi International Airport
356,ABI,KABI,Abilene,US-TX,3,1791,32.4113006592,-99.6819000244,Abilene Regional Airport
357,ACT,KACT,Waco,US-TX,2,516,31.6112995147705,-97.2304992675781,Waco Regional Airport
358,CLL,KCLL,College Station,US-TX,3,320,30.58860016,-96.36380005,Easterwood Field
359,BMI,KBMI,Bloomington/Normal,US-IL,3,871,40.47710037,-88.91590118,Central Illinois Regional Airport at Bloomington-Normal
361,BPT,KBPT,Beaumont/Port Arthur,US-TX,2,15,29.9507999420166,-94.0206985473633,Southeast Texas Regional Airport
362,DSM,KDSM,Des Moines,US-IA,2,958,41.5340003967285,-93.6631011962891,Des Moines International Airport
363,MYR,KMYR,Myrtle Beach,US-SC,1,25,33.6796989441,-78.9282989502,Myrtle Beach International Airport
364,AEX,KAEX,Alexandria,US-LA,2,89,31.3274002075195,-92.5497970581055,Alexandria International Airport
368,AMA,KAMA,Amarillo,US-TX,2,3607,35.2193984985352,-101.706001281738,Rick Husband Amarillo International Airport
370,BRO,KBRO,Brownsville,US-TX,3,22,25.9067993164062,-97.4259033203125,Brownsville South Padre Island International Airport
371,BTR,KBTR,Baton Rouge,US-LA,3,70,30.53319931,-91.14959717,"Baton Rouge Metropolitan, Ryan Field"
373,CAE,KCAE,Columbia,US-SC,2,236,33.9388008117676,-81.119499206543,Columbia Metropolitan Airport
374,CHA,KCHA,Chattanooga,US-TN,2,683,35.0353012084961,-85.2037963867188,Lovell Field
375,CHS,KCHS,Charleston,US-SC,2,46,32.89860153,-80.04049683,Charleston Air Force Base-International Airport
376,CMI,KCMI,Champaign/Urbana,US-IL,4,755,40.03919983,-88.27809906,University of Illinois Willard Airport
377,COU,KCOU,Columbia,US-MO,2,889,38.8180999755859,-92.219596862793,Columbia Regional Airport
378,CRW,KCRW,Charleston,US-WV,2,981,38.3731002807617,-81.5932006835938,Yeager Airport
379,DAY,KDAY,Dayton,US-OH,3,1009,39.902400970459,-84.2193984985352,James M Cox Dayton International Airport
381,DRO,KDRO,Durango,US-CO,1,6685,37.1515007019,-107.753997803,Durango La Plata County Airport
382,EVV,KEVV,Evansville,US-IN,3,418,38.0369987488,-87.5324020386,Evansville Regional Airport
383,FAR,KFAR,Fargo,US-ND,3,902,46.9207000732422,-96.815803527832,Hector International Airport
384,FAT,KFAT,Fresno,US-CA,2,336,36.7761993408203,-119.718002319336,Fresno Yosemite International Airport
385,FSD,KFSD,Sioux Falls,US-SD,3,1429,43.5820007324,-96.741897583,Joe Foss Field Airport
386,FSM,KFSM,Fort Smith,US-AR,2,469,35.3366012573242,-94.3674011230469,Fort Smith Regional Airport
387,FWA,KFWA,Fort Wayne,US-IN,3,814,40.97850037,-85.19509888,Fort Wayne International Airport
388,GCK,KGCK,Garden City,US-KS,2,2891,37.9275016785,-100.723999023,Garden City Regional Airport
390,GGG,KGGG,Longview,US-TX,2,365,32.3839988708496,-94.7115020751953,East Texas Regional Airport
391,GJT,KGJT,Grand Junction,US-CO,2,4858,39.1223983765,-108.527000427,Grand Junction Regional Airport
392,GPT,KGPT,Gulfport,US-MS,2,28,30.4073009490967,-89.0700988769531,Gulfport Biloxi International Airport
393,GRI,KGRI,Grand Island,US-NE,2,1847,40.9674987792969,-98.3096008300781,Central Nebraska Regional Airport
394,GRK,KGRK,Fort Hood/Killeen,US-TX,1,1015,31.067199707,-97.8289031982,Robert Gray  Army Air Field Airport
395,GRR,KGRR,Grand Rapids,US-MI,3,794,42.88079834,-85.52279663,Gerald R. Ford International Airport
396,GSO,KGSO,Greensboro,US-NC,3,925,36.0978012084961,-79.9373016357422,Piedmont Triad International Airport
397,GSP,KGSP,Greenville,US-SC,1,964,34.8956985474,-82.2189025879,Greenville Spartanburg International Airport
398,JAN,KJAN,Jackson,US-MS,2,346,32.3111991882,-90.0758972168,Jackson-Medgar Wiley Evers International Airport
399,JLN,KJLN,Joplin,US-MO,3,981,37.151798248291,-94.4982986450195,Joplin Regional Airport
400,LAW,KLAW,Lawton,US-OK,1,1110,34.5676994324,-98.4166030884,Lawton Fort Sill Regional Airport
401,LCH,KLCH,Lake Charles,US-LA,2,15,30.1261005401611,-93.2232971191406,Lake Charles Regional Airport
402,LFT,KLFT,Lafayette,US-LA,3,42,30.20529938,-91.98760223,Lafayette Regional Airport
404,LRD,KLRD,Laredo,US-TX,3,508,27.5438003540039,-99.4616012573242,Laredo International Airport
405,MFE,KMFE,Mc Allen,US-TX,2,107,26.17580032,-98.23860168,Mc Allen Miller International Airport
406,MGM,KMGM,Montgomery,US-AL,2,221,32.30059814,-86.39399719,Montgomery Regional (Dannelly Field) Airport
407,MHK,KMHK,Manhattan,US-KS,2,1057,39.140998840332,-96.6707992553711,Manhattan Regional Airport
408,MLI,KMLI,Moline,US-IL,3,590,41.4485015869141,-90.5074996948242,Quad City International Airport
410,MLU,KMLU,Monroe,US-LA,3,79,32.5108985900879,-92.0376968383789,Monroe Regional Airport
411,MOB,KMOB,Mobile,US-AL,2,219,30.6912002563477,-88.2427978515625,Mobile Regional Airport
412,MSN,KMSN,Madison,US-WI,3,887,43.1399002075195,-89.3375015258789,Dane County Regional Truax Field
416,PNS,KPNS,Pensacola,US-FL,2,121,30.4734001159668,-87.1865997314453,Pensacola Regional Airport
419,ROW,KROW,Roswell,US-NM,3,3671,33.3016014099121,-104.53099822998,Roswell International Air Center Airport
421,SAV,KSAV,Savannah,US-GA,2,50,32.12760162,-81.20210266,Savannah Hilton Head International Airport
423,SJT,KSJT,San Angelo,US-TX,3,1919,31.3577003479004,-100.496002197266,San Angelo Regional Mathis Field
425,SPI,KSPI,Springfield,US-IL,3,598,39.84410095,-89.67790222,Abraham Lincoln Capital Airport
426,SPS,KSPS,Wichita Falls,US-TX,4,1019,33.98880005,-98.49189758,Sheppard Air Force Base-Wichita Falls Municipal Airport
428,TYR,KTYR,Tyler,US-TX,3,544,32.3540992736816,-95.4023971557617,Tyler Pounds Regional Airport
429,TYS,KTYS,Knoxville,US-TN,2,981,35.81100082,-83.9940033,McGhee Tyson Airport
430,VPS,KVPS,Valparaiso,US-FL,2,87,30.4832000732422,-86.5253982543945,Eglin Air Force Base
431,XNA,KXNA,Fayetteville/Springdale/,US-AR,1,1287,36.2818984985,-94.3068008423,Northwest Arkansas Regional Airport
435,CAK,KCAK,Akron,US-OH,3,1228,40.9160995483398,-81.4421997070312,Akron Canton Regional Airport
436,BRL,KBRL,Burlington,US-IA,2,698,40.7831993103027,-91.1255035400391,Southeast Iowa Regional Airport
437,MHT,KMHT,Manchester,US-NH,2,266,42.9325981140137,-71.4356994628906,Manchester Airport
438,SYR,KSYR,Syracuse,US-NY,3,421,43.111198425293,-76.1063003540039,Syracuse Hancock International Airport
440,FLO,KFLO,Florence,US-SC,2,146,34.1853981018066,-79.7238998413086,Florence Regional Airport
441,AVL,KAVL,Asheville,US-NC,1,2165,35.4361991882324,-82.5418014526367,Asheville Regional Airport
443,EGE,KEGE,Eagle,US-CO,2,6548,39.64260101,-106.9179993,Eagle County Regional Airport
444,HDN,KHDN,Hayden,US-CO,1,6606,40.48120117,-107.2180023,Yampa Valley Airport
445,SRQ,KSRQ,Sarasota/Bradenton,US-FL,2,30,27.3953990936279,-82.5543975830078,Sarasota Bradenton International Airport
446,FOE,KFOE,Topeka,US-KS,2,1078,38.9509010315,-95.6635971069,Topeka Regional Airport - Forbes Field
447,LAN,KLAN,Lansing,US-MI,3,861,42.7787017822266,-84.58740234375,Capital City Airport
448,ROA,KROA,Roanoke,US-VA,2,1175,37.3255004883,-79.975402832,Roanoke–Blacksburg Regional Airport
449,MQT,KSAW,Marquette,US-MI,1,1221,46.3535995483,-87.395401001,Sawyer International Airport
450,GRB,KGRB,Green Bay,US-WI,3,695,44.4850997924805,-88.1296005249023,Austin Straubel International Airport
525,AGS,KAGS,Augusta,US-GA,2,144,33.3698997497559,-81.9645004272461,Augusta Regional At Bush Field
526,BGR,KBGR,Bangor,US-ME,1,192,44.8073997497559,-68.8281021118164,Bangor International Airport
527,BTV,KBTV,Burlington,US-VT,2,335,44.4719009399,-73.1532974243,Burlington International Airport
528,FAY,KFAY,Fayetteville,US-NC,2,189,34.9911994934082,-78.8803024291992,Fayetteville Regional Grannis Field
529,HHH,KHXD,Hilton Head Island,US-SC,1,19,32.2243995667,-80.6975021362,Hilton Head Airport
530,ILM,KILM,Wilmington,US-NC,2,32,34.2705993652344,-77.9026031494141,Wilmington International Airport
531,OAJ,KOAJ,Jacksonville,US-NC,1,94,34.8292007446,-77.6120986938,Albert J Ellis Airport
549,SFB,KSFB,Orlando,US-FL,4,55,28.7775993347168,-81.2375030517578,Orlando Sanford International Airport
570,APF,KAPF,Naples,US-FL,3,8,26.1525993347,-81.7752990723,Naples Municipal Airport
571,GNV,KGNV,Gainesville,US-FL,2,152,29.6900997162,-82.2717971802,Gainesville Regional Airport
605,BUR,KBUR,Burbank,US-CA,2,778,34.2006988525391,-118.359001159668,Bob Hope Airport
608,ACY,KACY,Atlantic City,US-NJ,2,75,39.4575996398926,-74.5772018432617,Atlantic City International Airport
609,ABE,KABE,Allentown,US-PA,2,393,40.652099609375,-75.440803527832,Lehigh Valley International Airport
610,ABY,KABY,Albany,US-GA,2,197,31.5354995727539,-84.1945037841797,Southwest Georgia Regional Airport
611,ATW,KATW,Appleton,US-WI,2,918,44.2580986023,-88.5190963745,Appleton International Airport
612,AVP,KAVP,Wilkes-Barre/Scranton,US-PA,2,962,41.3385009766,-75.7233963013,Wilkes Barre Scranton International Airport
613,AZO,KAZO,Kalamazoo,US-MI,3,874,42.2349014282227,-85.5521011352539,Kalamazoo Battle Creek International Airport
614,BQK,KBQK,Brunswick,US-GA,1,26,31.2588005065918,-81.4664993286133,Brunswick Golden Isles Airport
615,CHO,KCHO,Charlottesville,US-VA,1,639,38.138599395752,-78.4529037475586,Charlottesville Albemarle Airport
616,CSG,KCSG,Columbus,US-GA,2,397,32.516300201416,-84.9389038085938,Columbus Metropolitan Airport
617,DAB,KDAB,Daytona Beach,US-FL,3,34,29.1798992156982,-81.0580978393555,Daytona Beach International Airport
618,DHN,KDHN,Dothan,US-AL,2,401,31.3213005065918,-85.4496002197266,Dothan Regional Airport
619,EWN,KEWN,New Bern,US-NC,2,18,35.0730018616,-77.0429000854,Coastal Carolina Regional Airport
620,FNT,KFNT,Flint,US-MI,2,782,42.9654006958008,-83.7435989379883,Bishop International Airport
621,GTR,KGTR,Columbus/W Point/Starkville,US-MS,1,264,33.4502983093,-88.5914001465,Golden Triangle Regional Airport
622,LWB,KLWB,Lewisburg,US-WV,1,2302,37.8582992554,-80.3994979858,Greenbrier Valley Airport
623,MBS,KMBS,Saginaw,US-MI,2,668,43.532901763916,-84.0795974731445,MBS International Airport
624,MCN,KMCN,Macon,US-GA,2,354,32.692798614502,-83.6492004394531,Middle Georgia Regional Airport
625,MEI,KMEI,Meridian,US-MS,2,297,32.3325996398926,-88.7518997192383,Key Field
626,MLB,KMLB,Melbourne,US-FL,3,33,28.1028003692627,-80.6453018188477,Melbourne International Airport
627,MSL,KMSL,Muscle Shoals,US-AL,2,551,34.74530029,-87.61019897,Northwest Alabama Regional Airport
628,PHF,KPHF,Newport News,US-VA,2,42,37.13190079,-76.49299622,Newport News Williamsburg International Airport
629,PIB,KPIB,Hattiesburg/Laurel,US-MS,1,298,31.4671001434326,-89.3370971679688,Hattiesburg Laurel Regional Airport
630,SBN,KSBN,South Bend,US-IN,3,799,41.7086982727051,-86.3172988891602,South Bend Regional Airport
631,TRI,KTRI,Bristol/Johnson/Kingsport,US-TN,2,1519,36.4752006530762,-82.4074020385742,Tri Cities Regional Tn Va Airport
632,TTN,KTTN,Trenton,US-NJ,2,213,40.2766990661621,-74.8134994506836,Trenton Mercer Airport
633,TUP,KTUP,Tupelo,US-MS,1,346,34.2681007385254,-88.7698974609375,Tupelo Regional Airport
634,VLD,KVLD,Valdosta,US-GA,3,203,30.7824993133545,-83.2767028808594,Valdosta Regional Airport
639,LNY,PHNY,Lanai City,US-HI,1,1308,20.7856006622314,-156.95100402832,Lanai Airport
640,KOA,PHKO,Kailua/Kona,US-HI,1,47,19.7388000488281,-156.046005249023,Kona International At Keahole Airport
647,JHM,PHJH,Lahaina,US-HI,1,256,20.9629001617432,-156.673004150391,Kapalua Airport
648,MKK,PHMK,Kaunakakai,US-HI,2,454,21.1529006958008,-157.095993041992,Molokai Airport
650,ALO,KALO,Waterloo,US-IA,3,873,42.5570983886719,-92.4002990722656,Waterloo Regional Airport
651,SUX,KSUX,Sioux City,US-IA,2,1098,42.40259933,-96.38439941,Sioux Gateway Col. Bud Day Field
864,ACV,KACV,Arcata/Eureka,US-CA,2,221,40.978099822998,-124.109001159668,Arcata Airport
865,BFL,KBFL,Bakersfield,US-CA,2,510,35.43360138,-119.0569992,Meadows Field
866,CEC,KCEC,Crescent City,US-CA,2,61,41.78020096,-124.2369995,Jack Mc Namara Field Airport
867,CIC,KCIC,Chico,US-CA,2,240,39.79539871,-121.8580017,Chico Municipal Airport
868,EUG,KEUG,Eugene,US-OR,3,374,44.1245994567871,-123.21199798584,Mahlon Sweet Field
869,LMT,KLMT,Klamath Falls,US-OR,3,4095,42.1561012268066,-121.733001708984,Klamath Falls Airport
870,MFR,KMFR,Medford,US-OR,2,1335,42.3741989135742,-122.873001098633,Rogue Valley International Medford Airport
871,MOD,KMOD,Modesto,US-CA,2,97,37.62580109,-120.9540024,Modesto City Co-Harry Sham Field
872,MRY,KMRY,Monterey,US-CA,2,257,36.5870018005371,-121.843002319336,Monterey Peninsula Airport
873,OTH,KOTH,North Bend,US-OR,2,17,43.4170989990234,-124.246002197266,Southwest Oregon Regional Airport
874,PSC,KPSC,Pasco,US-WA,3,410,46.2647018432617,-119.119003295898,Tri Cities Airport
875,RDD,KRDD,Redding,US-CA,2,505,40.50899887,-122.2929993,Redding Municipal Airport
876,RDM,KRDM,Redmond,US-OR,2,3080,44.2541008,-121.1500015,Roberts Field
877,SBA,KSBA,Santa Barbara,US-CA,3,13,34.42620087,-119.8399963,Santa Barbara Municipal Airport
878,SBP,KSBP,San Luis Obispo,US-CA,2,212,35.2368011475,-120.641998291,San Luis County Regional Airport
883,ASE,KASE,Aspen,US-CO,1,7820,39.22320175,-106.8690033,Aspen-Pitkin Co/Sardy Field
884,BLI,KBLI,Bellingham,US-WA,1,170,48.7928009033203,-122.53800201416,Bellingham International Airport
885,CLD,KCRQ,Carlsbad,US-CA,1,331,33.12829971,-117.2799988,Mc Clellan-Palomar Airport
886,GEG,KGEG,Spokane,US-WA,2,2376,47.6198997497559,-117.533996582031,Spokane International Airport
887,IGM,KIGM,Kingman,US-AZ,3,3449,35.2594985961914,-113.938003540039,Kingman Airport
888,MCE,KMCE,Merced,US-CA,1,155,37.28469849,-120.5139999,Merced Regional Macready Field
889,MMH,KMMH,Mammoth Lakes,US-CA,1,7135,37.62409973,-118.8379974,Mammoth Yosemite Airport
890,YUM,KNYL,Yuma,US-AZ,4,213,32.65660095,-114.6060028,Yuma MCAS/Yuma International Airport
891,PRC,KPRC,Prescott,US-AZ,3,5045,34.65449905,-112.4199982,Ernest A. Love Field
892,SMX,KSMX,Santa Maria,US-CA,2,261,34.89889908,-120.4570007,Santa Maria Pub/Capt G Allan Hancock Field
893,STS,KSTS,Santa Rosa,US-CA,2,128,38.50899887,-122.8130035,Charles M. Schulz Sonoma County Airport
894,VIS,KVIS,Visalia,US-CA,1,295,36.3186988831,-119.392997742,Visalia Municipal Airport
907,PVU,KPVU,Provo,US-UT,2,4497,40.2192001342773,-111.722999572754,Provo Municipal Airport
908,BTM,KBTM,Butte,US-MT,3,5550,45.9547996520996,-112.497001647949,Bert Mooney Airport
909,BZN,KBZN,Bozeman,US-MT,3,4473,45.77750015,-111.1529999,Gallatin Field
910,CDC,KCDC,Cedar City,US-UT,2,5622,37.701000213623,-113.098999023438,Cedar City Regional Airport
911,CNY,KCNY,Moab,US-UT,1,4557,38.75500107,-109.7549973,Canyonlands Field
912,COD,KCOD,Cody,US-WY,1,5102,44.520198822,-109.024002075,Yellowstone Regional Airport
913,CPR,KCPR,Casper,US-WY,4,5350,42.90800095,-106.4639969,Casper-Natrona County International Airport
914,EKO,KEKO,Elko,US-NV,2,5140,40.8249015808105,-115.791999816895,Elko Regional Airport
915,GCC,KGCC,Gillette,US-WY,2,4365,44.3488998413,-105.539001465,Gillette Campbell County Airport
916,FCA,KGPI,Kalispell,US-MT,3,2977,48.3105010986328,-114.255996704102,Glacier Park International Airport
917,GTF,KGTF,Great Falls,US-MT,3,3680,47.48199844,-111.3710022,Great Falls International Airport
918,HLN,KHLN,Helena,US-MT,3,3877,46.6068000793457,-111.983001708984,Helena Regional Airport
919,JAC,KJAC,Jackson,US-WY,1,6451,43.6072998046875,-110.737998962402,Jackson Hole Airport
920,LWS,KLWS,Lewiston,US-ID,2,1442,46.3745002746582,-117.014999389648,Lewiston Nez Perce County Airport
921,MSO,KMSO,Missoula,US-MT,2,3206,46.91630173,-114.0910034,Missoula International Airport
922,PIH,KPIH,Pocatello,US-ID,2,4452,42.9098014831543,-112.596000671387,Pocatello Regional Airport
923,RKS,KRKS,Rock Springs,US-WY,2,6764,41.59420013,-109.0650024,Rock Springs Sweetwater County Airport
924,SGU,KSGU,St George,US-UT,1,2941,37.0363888889,-113.510305556,St George Municipal Airport
925,TWF,KTWF,Twin Falls,US-ID,2,4154,42.48180008,-114.487999,Joslin Field Magic Valley Regional Airport
926,VEL,KVEL,Vernal,US-UT,2,5278,40.4408989,-109.5100021,Vernal Regional Airport
929,BKG,KBBG,Branson,US-MO,1,1302,36.532082,-93.200544,Branson Airport
931,AIA,KAIA,Alliance,US-NE,3,3931,42.0531997681,-102.804000854,Alliance Municipal Airport
932,ALS,KALS,Alamosa,US-CO,2,7539,37.4348983765,-105.866996765,San Luis Valley Regional Bergman Field
933,BFF,KBFF,Scottsbluff,US-NE,2,3967,41.87400055,-103.5960007,Western Neb. Rgnl/William B. Heilig Airport
934,BIS,KBIS,Bismarck,US-ND,2,1661,46.7727012634277,-100.746002197266,Bismarck Municipal Airport
935,CEZ,KCEZ,Cortez,US-CO,1,5918,37.3030014038,-108.627998352,Cortez Municipal Airport
936,CYS,KCYS,Cheyenne,US-WY,2,6159,41.15570068,-104.8119965,Cheyenne Regional Jerry Olson Field
937,DDC,KDDC,Dodge City,US-KS,2,2594,37.7634010314941,-99.9655990600586,Dodge City Regional Airport
938,DIK,KDIK,Dickinson,US-ND,2,2592,46.7974014282,-102.802001953,Dickinson Theodore Roosevelt Regional Airport
939,EAR,KEAR,Kearney,US-NE,2,2131,40.72700119,-99.00679779,Kearney Regional Airport
940,FMN,KFMN,Farmington,US-NM,2,5506,36.7411994934,-108.230003357,Four Corners Regional Airport
941,GUC,KGUC,Gunnison,US-CO,2,7680,38.53390121,-106.9329987,Gunnison Crested Butte Regional Airport
942,ILG,KILG,Wilmington,US-DE,3,80,39.67869949,-75.60649872,New Castle Airport
943,ISN,KISN,Williston,US-ND,2,1982,48.177898407,-103.641998291,Sloulin Field International Airport
944,LAR,KLAR,Laramie,US-WY,2,7284,41.3120994567871,-105.675003051758,Laramie Regional Airport
945,LBF,KLBF,North Platte,US-NE,2,2777,41.12620163,-100.6839981,North Platte Regional Airport Lee Bird Field
946,LBL,KLBL,Liberal,US-KS,2,2885,37.0442009,-100.9599991,Liberal Mid-America Regional Airport
947,LNK,KLNK,Lincoln,US-NE,3,1219,40.851001739502,-96.7592010498047,Lincoln Airport
948,MCK,KMCK,Mc Cook,US-NE,3,2583,40.20629883,-100.5920029,Mc Cook Ben Nelson Regional Airport
949,MOT,KMOT,Minot,US-ND,2,1716,48.2593994140625,-101.279998779297,Minot International Airport
950,MTJ,KMTJ,Montrose,US-CO,2,5759,38.5097999573,-107.893997192,Montrose Regional Airport
951,PGA,KPGA,Page,US-AZ,2,4316,36.92610168,-111.447998,Page Municipal Airport
952,PIR,KPIR,Pierre,US-SD,2,1744,44.38270187,-100.2860031,Pierre Regional Airport
953,PUB,KPUB,Pueblo,US-CO,4,4726,38.2891006469727,-104.497001647949,Pueblo Memorial Airport
954,RIW,KRIW,Riverton,US-WY,2,5525,43.064201355,-108.459999084,Riverton Regional Airport
955,SHR,KSHR,Sheridan,US-WY,3,4021,44.7691993713379,-106.980003356934,Sheridan County Airport
956,ART,KART,Watertown,US-NY,2,325,43.9919013977051,-76.0216979980469,Watertown International Airport
957,CMX,KCMX,Hancock,US-MI,2,1095,47.168399810791,-88.4890975952148,Houghton County Memorial Airport
958,CWA,KCWA,Mosinee,US-WI,2,1277,44.7775993347,-89.6668014526,Central Wisconsin Airport
959,DBQ,KDBQ,Dubuque,US-IA,2,1077,42.40200043,-90.70950317,Dubuque Regional Airport
960,DEC,KDEC,Decatur,US-IL,3,682,39.8345985412598,-88.8656997680664,Decatur Airport
961,DLH,KDLH,Duluth,US-MN,2,1428,46.8420982361,-92.1936035156,Duluth International Airport
962,EAU,KEAU,Eau Claire,US-WI,2,913,44.8657989501953,-91.4842987060547,Chippewa Valley Regional Airport
963,ELM,KELM,Elmira/Corning,US-NY,3,954,42.1599006652832,-76.8916015625,Elmira Corning Regional Airport
964,LSE,KLSE,La Crosse,US-WI,3,655,43.87900162,-91.25669861,La Crosse Municipal Airport
965,MKG,KMKG,Muskegon,US-MI,2,629,43.16949844,-86.23819733,Muskegon County Airport
966,PAH,KPAH,Paducah,US-KY,2,410,37.0607986450195,-88.7738037109375,Barkley Regional Airport
967,STC,KSTC,St Cloud,US-MN,2,1031,45.5466003417969,-94.0598983764648,St Cloud Regional Airport
968,TOL,KTOL,Toledo,US-OH,2,683,41.58679962,-83.80780029,Toledo Express Airport
969,TVC,KTVC,Traverse City,US-MI,3,624,44.7414016723633,-85.5821990966797,Cherry Capital Airport
970,SCE,KUNV,State College,US-PA,1,1239,40.8493003845,-77.8487014771,University Park Airport
1051,LBE,KLBE,Latrobe,US-PA,2,1199,40.27590179,-79.40480042,Arnold Palmer Regional Airport
1052,ORH,KORH,Worcester,US-MA,2,1009,42.2672996520996,-71.8757019042969,Worcester Regional Airport
1053,PBG,KPBG,Plattsburgh,US-NY,1,234,44.6509017944336,-73.4681015014648,Plattsburgh International Airport
1060,AOO,KAOO,Altoona,US-PA,2,1503,40.29639816,-78.31999969,Altoona Blair County Airport
1061,BGM,KBGM,Binghamton,US-NY,2,1636,42.20869827,-75.97979736,Greater Binghamton/Edwin A Link field
1062,BKW,KBKW,Beckley,US-WV,2,2504,37.7873001099,-81.1241989136,Raleigh County Memorial Airport
1063,HGR,KHGR,Hagerstown,US-MD,2,703,39.707901,-77.72949982,Hagerstown Regional Richard A Henson Field
1064,JST,KJST,Johnstown,US-PA,3,2284,40.3161010742188,-78.8339004516602,John Murtha Johnstown Cambria County Airport
1065,LNS,KLNS,Lancaster,US-PA,2,403,40.1217002868652,-76.2960968017578,Lancaster Airport
1066,MGW,KMGW,Morgantown,US-WV,2,1248,39.64289856,-79.91629791,Morgantown Municipal Walter L. Bill Hart Field
1067,SHD,KSHD,Staunton/Waynesboro/Harrisonburg,US-VA,1,1201,38.2638015747,-78.8964004517,Shenandoah Valley Regional Airport
1068,ITH,KITH,Ithaca,US-NY,2,1099,42.4910011291504,-76.4583969116211,Ithaca Tompkins Regional Airport
1069,GFK,KGFK,Grand Forks,US-ND,4,845,47.9492988586426,-97.1761016845703,Grand Forks International Airport
1070,AZA,KIWA,Phoenix,US-AZ,3,1382,33.30780029,-111.6549988,Phoenix-Mesa-Gateway Airport
1071,RFD,KRFD,Chicago/Rockford,US-IL,2,742,42.1954002380371,-89.0971984863281,Chicago Rockford International Airport
1072,ABR,KABR,Aberdeen,US-SD,2,1302,45.4491004943848,-98.4217987060547,Aberdeen Regional Airport
1073,APN,KAPN,Alpena,US-MI,2,690,45.0780983,-83.56030273,Alpena County Regional Airport
1074,ATY,KATY,Watertown,US-SD,2,1749,44.91400146,-97.15470123,Watertown Regional Airport
1075,BJI,KBJI,Bemidji,US-MN,2,1391,47.50939941,-94.93370056,Bemidji Regional Airport
1076,BRD,KBRD,Brainerd,US-MN,4,1232,46.39830017,-94.13809967,Brainerd Lakes Regional Airport
1077,HIB,KHIB,Hibbing,US-MN,2,1354,47.38660049,-92.83899689,Range Regional Airport
1078,IMT,KIMT,Iron Mountain / Kingsford,US-MI,2,1182,45.8184013367,-88.1145019531,Ford Airport
1079,INL,KINL,International Falls,US-MN,2,1185,48.5662002563477,-93.4030990600586,Falls International Airport
1080,RHI,KRHI,Rhinelander,US-WI,3,1624,45.6311988830566,-89.4674987792969,Rhinelander Oneida County Airport
1081,ACK,KACK,Nantucket,US-MA,3,47,41.25310135,-70.06020355,Nantucket Memorial Airport
1082,AUG,KAUG,Augusta,US-ME,2,352,44.3205986023,-69.7973022461,Augusta State Airport
1083,BHB,KBHB,Bar Harbor,US-ME,3,83,44.45000076,-68.3615036,Hancock County-Bar Harbor Airport
1084,HYA,KHYA,Hyannis,US-MA,2,54,41.66930008,-70.28040314,Barnstable Municipal Boardman Polando Field
1085,LEB,KLEB,Lebanon,US-NH,2,603,43.6260986328,-72.3041992188,Lebanon Municipal Airport
1086,MVY,KMVY,Martha's Vineyard,US-MA,3,67,41.3931007385,-70.6143035889,Martha's Vineyard Airport
1087,PQI,KPQI,Presque Isle,US-ME,2,534,46.68899918,-68.0447998,Northern Maine Regional Airport at Presque Isle
1088,PVC,KPVC,Provincetown,US-MA,1,9,42.0718994141,-70.2213973999,Provincetown Municipal Airport
1089,RKD,KRKD,Rockland,US-ME,2,56,44.06010056,-69.09919739,Knox County Regional Airport
1090,RUT,KRUT,Rutland,US-VT,2,787,43.52939987,-72.94960022,Rutland - Southern Vermont Regional Airport
1091,SLK,KSLK,Saranac Lake,US-NY,2,1663,44.3852996826172,-74.2061996459961,Adirondack Regional Airport
1092,BET,PABE,Bethel,US-AK,3,126,60.77980042,-161.8379974,Bethel Airport
1093,BRW,PABR,Barrow,US-AK,1,44,71.285400390625,-156.766006469727,Wiley Post Will Rogers Memorial Airport
1094,CDB,PACD,Cold Bay,US-AK,2,96,55.2061004638672,-162.725006103516,Cold Bay Airport
1095,CDV,PACV,Cordova,US-AK,2,54,60.4917984,-145.4779968,Merle K (Mudhole) Smith Airport
1096,ADK,PADK,Adak Island,US-AK,2,18,51.8779983520508,-176.64599609375,Adak Airport
1097,DLG,PADL,Dillingham,US-AK,1,81,59.04470062,-158.5050049,Dillingham Airport
1098,ADQ,PADQ,Kodiak,US-AK,3,78,57.75,-152.4940033,Kodiak Airport
1099,ENA,PAEN,Kenai,US-AK,3,99,60.5731010437012,-151.244995117188,Kenai Municipal Airport
1100,HOM,PAHO,Homer,US-AK,1,84,59.6455993652344,-151.477005004883,Homer Airport
1101,ILI,PAIL,Iliamna,US-AK,4,192,59.75439835,-154.9109955,Iliamna Airport
1102,JNU,PAJN,Juneau,US-AK,2,21,58.3549995422363,-134.57600402832,Juneau International Airport
1103,AKN,PAKN,King Salmon,US-AK,3,73,58.67679977,-156.6490021,King Salmon Airport
1104,MCG,PAMC,McGrath,US-AK,2,341,62.95289993,-155.6060028,McGrath Airport
1105,ANI,PANI,Aniak,US-AK,2,88,61.581600189209,-159.542999267578,Aniak Airport
1106,OME,PAOM,Nome,US-AK,2,37,64.5121994018555,-165.445007324219,Nome Airport
1107,OTZ,PAOT,Kotzebue,US-AK,2,14,66.88469696,-162.598999,Ralph Wien Memorial Airport
1108,STG,PAPB,St George,US-AK,1,125,56.5783004761,-169.662002563,St George Airport
1109,SCC,PASC,Deadhorse,US-AK,1,65,70.19470215,-148.4649963,Deadhorse Airport
1110,SDP,PASD,Sand Point,US-AK,1,21,55.314998626709,-160.522994995117,Sand Point Airport
1111,KSM,PASM,St Mary's,US-AK,2,312,62.0605011,-163.302002,St Mary's Airport
1112,SNP,PASN,St Paul Island,US-AK,1,63,57.1673011779785,-170.220001220703,St Paul Island Airport
1113,UNK,PAUN,Unalakleet,US-AK,2,27,63.88840103,-160.798996,Unalakleet Airport
1114,VDZ,PAVD,Valdez,US-AK,1,121,61.13389969,-146.2480011,Valdez Pioneer Field
1115,AHN,KAHN,Athens,US-GA,2,808,33.948600769043,-83.326301574707,Athens Ben Epps Airport
1116,MKL,KMKL,Jackson,US-TN,2,434,35.59989929,-88.91560364,Mc Kellar Sipes Regional Airport
1117,HOB,KHOB,Hobbs,US-NM,3,3661,32.6875,-103.2170029,Lea County Regional Airport
1118,VCT,KVCT,Victoria,US-TX,4,115,28.8526000976562,-96.9185028076172,Victoria Regional Airport
1127,FLG,KFLG,Flagstaff,US-AZ,1,7014,35.13850021,-111.6709976,Flagstaff Pulliam Airport
1128,SOW,KSOW,Show Low,US-AZ,2,6415,34.265499115,-110.005996704,Show Low Regional Airport
1129,SVC,KSVC,Silver City,US-NM,4,5446,32.6365013122559,-108.15599822998,Grant County Airport
1151,ERI,KERI,Erie,US-PA,2,732,42.0831270134,-80.1738667488,Erie International Tom Ridge Field
1152,HVN,KHVN,New Haven,US-CT,2,12,41.26369858,-72.88680267,Tweed New Haven Airport
1153,IPT,KIPT,Williamsport,US-PA,2,529,41.2417984008789,-76.9210968017578,Williamsport Regional Airport
1154,SBY,KSBY,Salisbury,US-MD,2,52,38.3404998779297,-75.5102996826172,Salisbury Ocean City Wicomico Regional Airport
1155,CIU,KCIU,Sault Ste Marie,US-MI,2,800,46.2508010864258,-84.4723968505859,Chippewa County International Airport
1156,ESC,KESC,Escanaba,US-MI,2,609,45.7226982117,-87.0936965942,Delta County Airport
1157,PLN,KPLN,Pellston,US-MI,2,721,45.57089996,-84.79669952,Pellston Regional Airport of Emmet County
1158,BFD,KBFD,Bradford,US-PA,2,2143,41.8031005859375,-78.6400985717773,Bradford Regional Airport
1159,DUJ,KDUJ,Dubois,US-PA,1,1817,41.17829895,-78.8986969,DuBois Regional Airport
1160,FKL,KFKL,Franklin,US-PA,2,1540,41.3778991699,-79.8603973389,Venango Regional Airport
1161,JHW,KJHW,Jamestown,US-NY,2,1723,42.15340042,-79.25800323,Chautauqua County-Jamestown Airport
1162,PKB,KPKB,Parkersburg,US-WV,2,858,39.345100402832,-81.4392013549805,Mid Ohio Valley Regional Airport
1241,IPL,KIPL,Imperial,US-CA,2,-54,32.8342018127,-115.57900238,Imperial County Airport
1272,ALW,KALW,Walla Walla,US-WA,3,1194,46.09489822,-118.288002,Walla Walla Regional Airport
1273,EAT,KEAT,Wenatchee,US-WA,2,1249,47.3988990784,-120.207000732,Pangborn Memorial Airport
1274,PIE,KPIE,St Petersburg-Clearwater,US-FL,4,11,27.91020012,-82.68740082,St Petersburg Clearwater International Airport
1275,PUW,KPUW,Pullman/Moscow,US-WA,1,2556,46.7439002990723,-117.110000610352,Pullman Moscow Regional Airport
1276,YKM,KYKM,Yakima,US-WA,2,1099,46.56819916,-120.5439987,Yakima Air Terminal McAllister Field
1283,KTN,PAKT,Ketchikan,US-AK,2,89,55.35559845,-131.7140045,Ketchikan International Airport
1294,SCK,KSCK,Stockton,US-CA,2,33,37.8941993713379,-121.237998962402,Stockton Metropolitan Airport
1295,PGD,KPGD,Punta Gorda,US-FL,3,26,26.92020035,-81.9905014,Charlotte County Airport
1661,CDR,KCDR,Chadron,US-NE,2,3297,42.837600708,-103.095001221,Chadron Municipal Airport
1768,ATT,none,Atmautluak,US-AK,1,17,60.8666992188,-162.272994995,Atmautluak Airport
1769,KOZ,none,Ouzinkie,US-AK,1,55,57.9229011536,-152.50100708,Ouzinkie Airport
1770,CHU,PACH,Chuathbaluk,US-AK,1,244,61.57910156,-159.2160034,Chuathbaluk Airport
1771,KLL,none,Levelock,US-AK,1,39,59.1281013489,-156.85899353,Levelock Airport
1772,WTL,none,Tuntutuliak,US-AK,1,16,60.3353004456,-162.667007446,Tuntutuliak Airport
2024,GNU,none,Goodnews,US-AK,1,18,59.117401123,-161.57699585,Goodnews Airport
2048,HKB,PAHV,Healy,US-AK,1,1180,63.9958,-144.6926,Healy River Airport
2073,BLV,KBLV,Belleville,US-IL,2,459,38.54520035,-89.83519745,Scott AFB/Midamerica Airport
2074,CGI,KCGI,Cape Girardeau,US-MO,2,342,37.2252998352051,-89.57080078125,Cape Girardeau Regional Airport
2075,CKB,KCKB,Clarksburg,US-WV,1,1217,39.2966003418,-80.2281036377,North Central West Virginia Airport
2076,CNM,KCNM,Carlsbad,US-NM,4,3295,32.3375015258789,-104.263000488281,Cavern City Air Terminal
2077,ELD,KELD,El Dorado,US-AR,3,277,33.2210006713867,-92.8133010864258,South Arkansas Regional At Goodwin Field
2078,EWB,KEWB,New Bedford,US-MA,2,80,41.6761016845703,-70.956901550293,New Bedford Regional Airport
2079,GCN,KGCN,Grand Canyon,US-AZ,1,6609,35.9524002075195,-112.147003173828,Grand Canyon National Park Airport
2080,GDV,KGDV,Glendive,US-MT,2,2458,47.13869858,-104.8069992,Dawson Community Airport
2081,GGW,KGGW,Glasgow,US-MT,2,2296,48.2125015258789,-106.61499786377,Wokal Field Glasgow International Airport
2082,GLH,KGLH,Greenville,US-MS,2,131,33.4828987121582,-90.9856033325195,Mid Delta Regional Airport
2083,HON,KHON,Huron,US-SD,2,1289,44.3852005004883,-98.2285003662109,Huron Regional Airport
2084,HOT,KHOT,Hot Springs,US-AR,2,540,34.4780006408691,-93.0961990356445,Memorial Field
2085,HTS,KHTS,Huntington,US-WV,2,828,38.36669922,-82.55799866,Tri-State/Milton J. Ferguson Field
2086,HVR,KHVR,Havre,US-MT,2,2591,48.54299927,-109.762001,Havre City County Airport
2087,IRK,KIRK,Kirksville,US-MO,2,966,40.0934982299805,-92.5448989868164,Kirksville Regional Airport
2088,JBR,KJBR,Jonesboro,US-AR,2,262,35.8316993713379,-90.6464004516602,Jonesboro Municipal Airport
2089,LAM,KLAM,Los Alamos,US-NM,1,7171,35.8797988892,-106.268997192,Los Alamos Airport
2090,LCK,KLCK,Columbus,US-OH,3,744,39.8138008118,-82.9278030396,Rickenbacker International Airport
2091,LUK,KLUK,Cincinnati,US-OH,3,483,39.10329819,-84.41860199,Cincinnati Municipal Airport Lunken Field
2092,LYH,KLYH,Lynchburg,US-VA,2,938,37.3266983032227,-79.2004013061523,Lynchburg Regional Preston Glenn Field
2093,MBL,KMBL,Manistee,US-MI,2,621,44.2723999,-86.24690247,Manistee Co Blacker Airport
2094,MMU,KMMU,Morristown,US-NJ,2,187,40.7994003295898,-74.4149017333984,Morristown Municipal Airport
2095,MSS,KMSS,Massena,US-NY,2,215,44.9357986450195,-74.8455963134766,Massena International Richards Field
2096,MWA,KMWA,Marion,US-IL,2,472,37.75500107,-89.01110077,Williamson County Regional Airport
2097,OGS,KOGS,Ogdensburg,US-NY,1,297,44.6819000244,-75.4654998779,Ogdensburg International Airport
2098,OLF,KOLF,Wolf Point,US-MT,1,1986,48.0945014954,-105.574996948,L M Clayton Airport
2099,OWB,KOWB,Owensboro,US-KY,2,407,37.74010086,-87.16680145,Owensboro Daviess County Airport
2100,PDT,KPDT,Pendleton,US-OR,3,1497,45.695098877,-118.841003418,Eastern Oregon Regional At Pendleton Airport
2101,PGV,KPGV,Greenville,US-NC,3,26,35.6352005,-77.38529968,Pitt Greenville Airport
2102,PSM,KPSM,Portsmouth,US-NH,1,100,43.0778999329,-70.8233032227,Portsmouth International at Pease Airport
2103,SDY,KSDY,Sidney,US-MT,2,1985,47.70690155,-104.1930008,Sidney Richland Municipal Airport
2104,TBN,KTBN,Fort Leonard Wood,US-MO,1,1159,37.74160004,-92.14070129,Waynesville-St. Robert Regional Forney field
2105,TEB,KTEB,Teterboro,US-NJ,2,9,40.8501014709,-74.060798645,Teterboro Airport
2106,TVF,KTVF,Thief River Falls,US-MN,2,1119,48.06570053,-96.18499756,Thief River Falls Regional Airport
2107,UIN,KUIN,Quincy,US-IL,3,768,39.94269943,-91.19460297,Quincy Regional Baldwin Field
2108,WRL,KWRL,Worland,US-WY,3,4227,43.9656982421875,-107.950996398926,Worland Municipal Airport
2109,YNG,KYNG,Youngstown/Warren,US-OH,3,1192,41.26070023,-80.67910004,Youngstown Warren Regional Airport
2313,ORI,none,Port Lions,US-AK,1,52,57.8853988647461,-152.845993041992,Port Lions Airport
2320,BTI,PABA,Barter Island Lrrs,US-AK,1,2,70.1340026855,-143.582000732,Barter Island LRRS Airport
2321,BKC,PABL,Buckland,US-AK,1,31,65.9815979004,-161.149002075,Buckland Airport
2322,BTT,PABT,Bettles,US-AK,1,647,66.91390228,-151.529007,Bettles Airport
2323,CEM,PACE,Central,US-AK,1,937,65.57379913,-144.7830048,Central Airport
2324,CIK,PACI,Chalkyitsik,US-AK,1,544,66.6449966431,-143.740005493,Chalkyitsik Airport
2325,CYF,PACK,Chefornak,US-AK,1,40,60.1492004395,-164.285995483,Chefornak Airport
2326,DRG,PADE,Deering,US-AK,2,21,66.0696029663,-162.76600647,Deering Airport
2327,MLL,PADM,Marshall,US-AK,1,103,61.8642997742,-162.026000977,Marshall Don Hunter Sr Airport
2328,KKH,PADY,Kongiganak,US-AK,1,30,59.9608001709,-162.880996704,Kongiganak Airport
2329,EEK,PAEE,Eek,US-AK,1,12,60.21367264,-162.0438843,Eek Airport
2330,EMK,PAEM,Emmonak,US-AK,1,13,62.78609848,-164.4909973,Emmonak Airport
2331,ABL,PAFM,Ambler,US-AK,2,334,67.106300354,-157.856994629,Ambler Airport
2332,GAL,PAGA,Galena,US-AK,2,153,64.73619843,-156.9369965,Edward G. Pitka Sr Airport
2333,GLV,PAGL,Golovin,US-AK,1,59,64.5504989624,-163.007003784,Golovin Airport
2334,GAM,PAGM,Gambell,US-AK,1,27,63.7667999267578,-171.733001708984,Gambell Airport
2335,GST,PAGS,Gustavus,US-AK,2,35,58.4253006,-135.7070007,Gustavus Airport
2336,SGY,PAGY,Skagway,US-AK,1,44,59.4600982666016,-135.315994262695,Skagway Airport
2337,HCR,PAHC,Holy Cross,US-AK,1,70,62.1883010864258,-159.774993896484,Holy Cross Airport
2338,HNS,PAHN,Haines,US-AK,1,15,59.2438011169434,-135.524002075195,Haines Airport
2339,HPB,PAHP,Hooper Bay,US-AK,1,13,61.52389908,-166.1470032,Hooper Bay Airport
2340,SHX,PAHX,Shageluk,US-AK,2,79,62.6922988892,-159.569000244,Shageluk Airport
2341,IAN,PAIK,Kiana,US-AK,1,166,66.9759979248,-160.43699646,Bob Baker Memorial Airport
2342,WAA,PAIW,Wales,US-AK,1,22,65.6225967407,-168.095001221,Wales Airport
2343,KFP,PAKF,False Pass,US-AK,1,20,54.8474006652832,-163.410003662109,False Pass Airport
2344,AKK,PAKH,Akhiok,US-AK,1,44,56.9387016296,-154.182998657,Akhiok Airport
2345,KPN,PAKI,Kipnuk,US-AK,1,11,59.9329986572,-164.031005859,Kipnuk Airport
2346,KKA,PAKK,Koyuk,US-AK,1,154,64.9394989014,-161.154006958,Koyuk Alfred Adams Airport
2347,AKP,PAKP,Anaktuvuk Pass,US-AK,1,2102,68.13359833,-151.7429962,Anaktuvuk Pass Airport
2348,KLW,PAKW,Klawock,US-AK,1,80,55.5792007446,-133.076004028,Klawock Airport
2349,KLN,PALB,Larsen Bay,US-AK,1,87,57.5350990295,-153.977996826,Larsen Bay Airport
2350,KLG,PALG,Kalskag,US-AK,1,55,61.5363006591797,-160.341003417969,Kalskag Airport
2351,SMK,PAMK,St Michael,US-AK,1,98,63.49010086,-162.1100006,St Michael Airport
2352,MLY,PAML,Manley Hot Springs,US-AK,1,270,64.9975967407,-150.643997192,Manley Hot Springs Airport
2353,MOU,PAMO,Mountain Village,US-AK,1,337,62.095401763916,-163.682006835938,Mountain Village Airport
2354,WNA,PANA,Napakiak,US-AK,1,17,60.690299987793,-161.97900390625,Napakiak Airport
2355,HNH,PAOH,Hoonah,US-AK,1,19,58.0960998535156,-135.410003662109,Hoonah Airport
2356,OOK,PAOO,Toksook Bay,US-AK,1,59,60.54140091,-165.0870056,Toksook Bay Airport
2357,PSG,PAPG,Petersburg,US-AK,1,111,56.80170059,-132.9450073,Petersburg James A Johnson Airport
2358,PIP,PAPN,Pilot Point,US-AK,1,57,57.5803985596,-157.572006226,Pilot Point Airport
2359,PHO,PAPO,Point Hope,US-AK,1,12,68.3488006591797,-166.79899597168,Point Hope Airport
2360,KWN,PAQH,Quinhagak,US-AK,1,42,59.75510025,-161.8450012,Quinhagak Airport
2361,NUI,PAQT,Nuiqsut,US-AK,1,38,70.2099990845,-151.005996704,Nuiqsut Airport
2362,RBY,PARY,Ruby,US-AK,1,658,64.72720337,-155.4700012,Ruby Airport
2363,SVA,PASA,Savoonga,US-AK,1,53,63.6864013671875,-170.49299621582,Savoonga Airport
2364,SHH,PASH,Shishmaref,US-AK,1,12,66.2496032714844,-166.089004516602,Shishmaref Airport
2365,SIT,PASI,Sitka,US-AK,1,21,57.0471000671387,-135.361999511719,Sitka Rocky Gutierrez Airport
2366,WLK,PASK,Selawik,US-AK,2,17,66.60009766,-159.9859924,Selawik Airport
2367,TAL,PATA,Tanana,US-AK,1,236,65.1744003296,-152.10899353,Ralph M Calhoun Memorial Airport
2368,TNC,PATC,Tin City,US-AK,1,271,65.56310272,-167.9219971,Tin City Long Range Radar Station Airport
2369,TLA,PATE,Teller,US-AK,1,294,65.2404022217,-166.339004517,Teller Airport
2370,ATK,PATQ,Atqasuk,US-AK,1,96,70.4673004150391,-157.436004638672,Atqasuk Edward Burnell Sr Memorial Airport
2371,VAK,PAVA,Chevak,US-AK,2,75,61.5409,-165.6005,Chevak Airport
2372,KVC,PAVC,King Cove,US-AK,1,155,55.1162986755371,-162.266006469727,King Cove Airport
2373,KVL,PAVL,Kivalina,US-AK,1,13,67.736198425293,-164.563003540039,Kivalina Airport
2374,WBQ,PAWB,Beaver,US-AK,1,359,66.362197876,-147.406997681,Beaver Airport
2375,WRG,PAWG,Wrangell,US-AK,1,49,56.48429871,-132.3699951,Wrangell Airport
2376,AIN,PAWI,Wainwright,US-AK,1,41,70.6380004883,-159.994995117,Wainwright Airport
2377,WMO,PAWM,White Mountain,US-AK,1,267,64.689201355,-163.412994385,White Mountain Airport
2378,WTK,PAWN,Noatak,US-AK,1,88,67.5661010742188,-162.975006103516,Noatak Airport
2379,YAK,PAYA,Yakutat,US-AK,2,33,59.5032997131,-139.660003662,Yakutat Airport
2380,AET,PFAL,Allakaket,US-AK,1,441,66.5518035889,-152.621994019,Allakaket Airport
2381,ELI,PFEL,Elim,US-AK,1,162,64.61470032,-162.2720032,Elim Airport
2382,KUK,PFKA,Kasigluk,US-AK,1,48,60.87440109,-162.5240021,Kasigluk Airport
2383,KOT,PFKO,Kotlik,US-AK,1,15,63.0306015015,-163.533004761,Kotlik Airport
2384,KTS,PFKT,Brevig Mission,US-AK,2,38,65.3312988281,-166.466003418,Brevig Mission Airport
2385,KWT,PFKW,Kwethluk,US-AK,1,25,60.7902984619,-161.444000244,Kwethluk Airport
2386,ORV,PFNO,Noorvik,US-AK,1,55,66.81790161,-161.0189972,Robert (Bob) Curtis Memorial Airport
2387,SKK,PFSH,Shaktoolik,US-AK,1,24,64.37110138,-161.223999,Shaktoolik Airport
2388,WSN,PFWS,South Naknek,US-AK,2,162,58.7033996582,-157.007995605,South Naknek Nr 2 Airport
2389,FYU,PFYU,Fort Yukon,US-AK,1,433,66.5715026855469,-145.25,Fort Yukon Airport
2393,HNM,PHHN,Hana,US-HI,1,78,20.7956008911133,-156.014007568359,Hana Airport
2394,MUE,PHMU,Kamuela,US-HI,1,2671,20.0013008117676,-155.667999267578,Waimea Kohala Airport
2396,PIZ,PPIZ,Point Lay,US-AK,1,22,69.73290253,-163.0050049,Point Lay LRRS Airport
2420,RMP,none,Rampart,US-AK,1,302,65.5078964233398,-150.141006469727,Rampart Airport
2601,SVS,none,Stevens Village,US-AK,1,329,66.0090026855,-149.095993042,Stevens Village Airport
2616,SXP,none,Sheldon Point,US-AK,1,12,62.5205993652344,-164.848007202148,Sheldon Point Airport
2618,TCT,PPCT,Takotna,US-AK,1,423,62.9926986694,-156.067993164,Takotna Airport
2621,TLT,none,Tuluksak,US-AK,1,30,61.0968017578,-160.968994141,Tuluksak Airport
2874,WBB,none,Stebbins,US-AK,1,19,63.5159988403,-162.277999878,Stebbins Airport
2934,KBC,none,Birch Creek,US-AK,1,450,66.2740020752,-145.824005127,Birch Creek Airport
2983,TLJ,PATL,Takotna,US-AK,1,964,62.8944015503,-155.977005005,Tatalina LRRS Airport
2984,IGG,PAIG,Igiugig,US-AK,1,90,59.3240013122559,-155.901992797852,Igiugig Airport
2985,CKD,none,Crooked Creek,US-AK,1,178,61.8679008484,-158.134994507,Crooked Creek Airport
2987,RDV,none,Red Devil,US-AK,1,180,61.7881011963,-157.350006104,Red Devil Airport
2993,SLQ,PASL,Sleetmute,US-AK,1,190,61.7005004883,-157.166000366,Sleetmute Airport
2994,NUP,PPIT,Nunapitchuk,US-AK,1,12,60.9057998657,-162.438995361,Nunapitchuk Airport
2995,MNT,none,Minto,US-AK,1,499,65.143699646,-149.369995117,Minto Al Wright Airport
2996,IRC,PACR,Circle,US-AK,1,613,65.83049774,-144.076004,Circle City /New/ Airport
2998,KYK,PAKY,Karluk,US-AK,1,137,57.5671005249,-154.449996948,Karluk Airport
3003,UGB,none,Pilot Point,US-AK,1,132,57.4253997803,-157.740005493,Ugashik Bay Airport
3004,MYU,PAMY,Mekoryuk,US-AK,1,48,60.3713989257812,-166.27099609375,Mekoryuk Airport
3005,TNK,none,Tununak,US-AK,1,14,60.5755004882812,-165.272003173828,Tununak Airport
3006,NME,PAGT,Nightmute,US-AK,1,4,60.4710006713867,-164.70100402832,Nightmute Airport
3007,PTU,PAPM,Platinum,US-AK,2,15,59.0113983154297,-161.820007324219,Platinum Airport
3008,RSH,PARS,Russian Mission,US-AK,2,51,61.7788848876953,-161.319458007812,Russian Mission Airport
3009,PQS,none,Pilot Station,US-AK,1,305,61.9346008300781,-162.899993896484,Pilot Station Airport
3011,PKA,PAPK,Napaskiak,US-AK,2,24,60.70289993,-161.7779999,Napaskiak Airport
3012,EGX,PAII,Egegik,US-AK,2,92,58.1855010986,-157.375,Egegik Airport
3013,WWT,PAEW,Newtok,US-AK,1,25,60.9390983581543,-164.641006469727,Newtok Airport
3014,PTH,PAPH,Port Heiden,US-AK,2,95,56.959098815918,-158.632995605469,Port Heiden Airport
3019,UST,KSGJ,St Augustine,US-FL,3,9,29.9591999053955,-81.3397979736328,Northeast Florida Regional Airport
3028,LMA,PAMH,Minchumina,US-AK,1,681,63.8860015869141,-152.302001953125,Minchumina Airport
3046,OGD,KOGD,Ogden,US-UT,3,4472,41.1958999633789,-112.012001037598,Ogden Hinckley Airport
3066,AKI,PFAK,Akiak,US-AK,1,30,60.9029006958,-161.231002808,Akiak Airport
3069,ANV,PANV,Anvik,US-AK,1,291,62.64670181,-160.1909943,Anvik Airport
3071,AUK,PAUK,Alakanuk,US-AK,1,10,62.6800422668,-164.659927368,Alakanuk Airport
3114,KAL,PAKV,Kaltag,US-AK,1,181,64.31909943,-158.7409973,Kaltag Airport
3122,KWK,PAGG,Kwigillingok,US-AK,1,18,59.8764991760254,-163.169006347656,Kwigillingok Airport
3133,NIB,PAFS,Nikolai,US-AK,1,441,63.0186004638672,-154.358001708984,Nikolai Airport
3166,VEE,PAVE,Venetie,US-AK,1,574,67.0086975098,-146.365997314,Venetie Airport
3178,TOG,PATG,Togiak Village,US-AK,2,21,59.0527992248535,-160.397003173828,Togiak Airport
3203,NLG,PAOU,Nelson Lagoon,US-AK,1,14,56.0074996948242,-161.160003662109,Nelson Lagoon Airport
3207,KGX,PAGX,Grayling,US-AK,1,137,62.8945999146,-160.065002441,Grayling Airport
3208,KAE,PAFE,Kake,US-AK,1,171,56.9613990784,-133.910003662,Kake Airport
3220,ARC,PARC,Arctic Village,US-AK,1,2092,68.1147003173828,-145.578994750977,Arctic Village Airport
3236,OLH,none,Old Harbor,US-AK,1,55,57.2181015014648,-153.270004272461,Old Harbor Airport
3256,SHG,PAGH,Shungnak,US-AK,1,197,66.8880996704102,-157.162002563477,Shungnak Airport
3257,OBU,PAOB,Kobuk,US-AK,1,137,66.9123001099,-156.897003174,Kobuk Airport
3258,SCM,PACM,Scammon Bay,US-AK,1,14,61.8452987671,-165.570999146,Scammon Bay Airport
3259,SWO,KSWO,Stillwater,US-OK,3,1000,36.1612014770508,-97.0857009887695,Stillwater Regional Airport
3271,INT,KINT,Winston Salem,US-NC,2,969,36.1337013244629,-80.2220001220703,Smith Reynolds Airport
3272,APA,KAPA,Denver,US-CO,3,5885,39.57009888,-104.848999,Centennial Airport
3273,USA,KJQF,Concord,US-NC,1,705,35.3877983093262,-80.709098815918,Concord Regional Airport
3282,VRB,KVRB,Vero Beach,US-FL,3,24,27.6555995941162,-80.4179000854492,Vero Beach Municipal Airport
3283,SUN,KSUN,Hailey,US-ID,1,5318,43.50439835,-114.2959976,Friedman Memorial Airport
3284,BID,KBID,Block Island,US-RI,1,108,41.1680984497,-71.577796936,Block Island State Airport
3285,DVL,KDVL,Devils Lake,US-ND,2,1456,48.11420059,-98.90879822,Devils Lake Regional Airport
3286,JMS,KJMS,Jamestown,US-ND,2,1500,46.92969894,-98.67819977,Jamestown Regional Airport
3287,HYS,KHYS,Hays,US-KS,2,1999,38.84220123,-99.27320099,Hays Regional Airport
3288,MCW,KMCW,Mason City,US-IA,2,1213,43.1577987671,-93.3312988281,Mason City Municipal Airport
3306,CVN,KCVN,Clovis,US-NM,3,4216,34.4250984192,-103.07900238,Clovis Municipal Airport
3313,AFW,KAFW,Fort Worth,US-TX,2,722,32.9875984192,-97.3188018799,Fort Worth Alliance Airport
3314,IWD,KIWD,Ironwood,US-MI,1,1230,46.5275001526,-90.131401062,Gogebic Iron County Airport
3323,TEX,KTEX,Telluride,US-CO,1,9069,37.9538002,-107.9079971,Telluride Regional Airport
3326,FOD,KFOD,Fort Dodge,US-IA,2,1156,42.55149841,-94.19259644,Fort Dodge Regional Airport
3347,IFP,KIFP,Bullhead City,US-AZ,1,698,35.15739822,-114.5599976,Laughlin Bullhead International Airport
3401,EKA,KEKA,Eureka,US-CA,1,7,40.8033981323,-124.112998962,Murray Field
3416,DRT,KDRT,Del Rio,US-TX,1,1002,29.3742008209,-100.927001953,Del Rio International Airport
3426,PAE,KPAE,Everett,US-WA,3,607,47.90629959,-122.2819977,Snohomish County (Paine Field) Airport
3439,BFM,KBFM,Mobile,US-AL,2,26,30.6268005371,-88.0680999756,Mobile Downtown Airport
3484,VCV,KVCV,Victorville,US-CA,2,2885,34.5974998474,-117.383003235,Southern California Logistics Airport
3487,XWA,KXWA,Williston,US-ND,1,2353,48.260864,-103.751138,Williston Basin International Airport
3491,NUL,PANU,Nulato,US-AK,1,405,64.7293014526367,-158.074005126953,Nulato Airport
