from,to,dist
1,3,809
1,4,214
1,5,945
1,6,576
1,7,546
1,8,729
1,9,581
1,10,533
1,11,688
1,12,759
1,13,1941
1,14,761
1,15,404
1,16,596
1,17,906
1,18,606
1,19,546
1,20,1580
1,21,356
1,22,2180
1,23,2130
1,24,2110
1,25,406
1,26,1890
1,27,2460
1,28,1910
1,29,1590
1,30,1740
1,31,1200
1,32,780
1,33,872
1,34,424
1,35,745
1,36,694
1,37,4502
1,38,693
1,39,1279
1,41,556
1,42,2124
1,43,1540
1,45,667
1,46,596
2,8,3030
2,11,3260
2,13,2340
2,17,2519
2,18,2840
2,20,2547
2,22,1440
2,23,2010
2,27,2360
2,30,2304
2,31,2400
2,37,2778
3,1,809
3,4,755
3,5,1690
3,6,1339
3,7,1313
3,8,190
3,9,1110
3,10,1294
3,11,142
3,12,1520
3,13,1230
3,15,994
3,16,1101
3,17,1040
3,18,973
3,20,866
3,21,1159
3,22,1768
3,23,1500
3,24,1476
3,25,925
3,26,1160
3,27,1220
3,28,1206
3,29,1080
3,30,1080
3,31,768
3,33,66
3,37,3755
3,34,444
3,35,1500
3,38,152
3,39,527
3,41,1173
3,42,1493
3,43,795
3,45,1430
3,46,1140
4,1,214
4,3,755
4,5,939
4,6,586
4,7,560
4,8,630
4,9,793
4,10,540
4,11,657
4,12,763
4,13,1790
4,14,762
4,15,616
4,16,806
4,17,694
4,18,409
4,20,1444
4,21,441
4,22,1972
4,23,1963
4,25,612
4,26,1746
4,29,1400
4,30,1582
4,31,1010
4,33,820
4,34,471
4,35,745
4,36,481
4,38,669
4,41,448
4,42,1953
4,45,674
4,46,456
5,1,945
5,3,1690
5,4,939
5,6,368
5,7,398
5,8,1560
5,9,1240
5,10,411
5,11,1590
5,12,186
5,13,2600
5,14,184
5,15,1120
5,16,1260
5,17,1120
5,18,863
5,19,1200
5,20,2290
5,21,612
5,22,2490
5,23,2700
5,24,2680
5,25,1180
5,26,2580
5,27,2590
5,29,2100
5,30,2370
5,31,1750
5,32,166
5,34,1370
5,35,200
5,37,5083
5,38,1610
5,41,560
5,42,2680
5,45,278
5,46,629
6,1,577
6,4,586
6,5,368
6,8,1210
6,9,925
6,11,1230
6,12,184
6,13,2320
6,15,788
6,16,947
6,17,936
6,18,620
6,19,885
6,20,1999
6,21,255
6,22,2335
6,23,2450
6,24,2431
6,25,842
6,26,2295
6,29,1865
6,3,1339
6,30,2106
6,31,1490
6,33,1410
6,34,998
6,35,169
6,38,1240
6,41,313
6,42,2440
6,45,91
6,46,408
7,1,547
7,3,1313
7,4,560
7,5,398
7,8,1190
7,9,899
7,11,1210
7,12,213
7,13,2300
7,14,214
7,15,760
7,16,921
7,17,931
7,18,610
7,19,859
7,21,226
7,22,2320
7,23,2434
7,25,815
7,26,2276
7,30,2089
7,31,1470
7,32,233
7,34,969
7,35,199
7,38,1220
7,45,120
7,41,309
7,46,405
8,1,729
8,2,3030
8,3,190
8,4,630
8,5,1560
8,6,1210
8,7,1190
8,9,1120
8,10,1170
8,11,225
8,12,1390
8,13,1230
8,14,1390
8,15,983
8,16,1120
8,17,852
8,18,801
8,19,1100
8,20,865
8,21,1060
8,22,1660
8,23,1460
8,24,1430
8,25,927
8,26,1170
8,28,1200
8,29,986
8,30,1050
8,31,640
8,33,248
8,34,448
8,35,1370
8,36,686
8,37,3770
8,38,248
8,39,549
8,41,1019
8,42,1452
8,43,810
8,44,549
8,45,1300
8,46,986
9,1,582
9,3,1110
9,4,793
9,5,1240
9,6,925
9,7,899
9,8,1120
9,10,901
9,11,964
9,12,1070
9,13,2337
9,14,1080
9,15,177
9,17,1487
9,18,1180
9,20,1972
9,21,681
9,22,2712
9,23,2577
9,25,197
9,26,2263
9,27,2322
9,29,2080
9,30,2173
9,31,1700
9,32,1100
9,33,1143
9,34,674
9,35,1065
9,38,955
9,41,1063
9,45,995
9,46,1130
10,1,535
10,3,1294
10,4,540
10,5,411
10,8,1170
10,9,901
10,11,1190
10,12,227
10,13,2280
10,14,228
10,15,758
10,16,922
10,17,908
10,18,587
10,20,1951
10,21,224
10,22,2300
10,23,2410
10,25,811
10,26,2253
10,29,1822
10,30,2059
10,31,1450
10,33,1360
10,34,955
10,35,212
10,37,4806
10,41,287
10,42,2401
10,45,135
10,46,383
11,1,687
11,2,3260
11,3,142
11,4,657
11,5,1590
11,6,1230
11,7,1210
11,8,225
11,9,964
11,10,1190
11,12,1410
11,13,1370
11,14,1420
11,15,852
11,16,963
11,17,1040
11,18,926
11,19,954
11,20,1010
11,21,1040
11,22,1870
11,23,1630
11,24,1600
11,25,786
11,26,1300
11,28,1340
11,29,1190
11,30,1220
11,31,861
11,33,190
11,34,304
11,35,1400
11,37,3890
11,39,665
11,41,1090
11,43,933
11,45,1320
11,46,1080
12,1,760
12,3,1520
12,4,763
12,5,186
12,6,184
12,7,213
12,8,1390
12,9,1070
12,10,227
12,11,1410
12,13,2470
12,15,945
12,16,1090
12,17,1020
12,18,737
12,19,1030
12,20,2150
12,21,427
12,22,2410
12,23,2580
12,24,2560
12,25,1010
12,26,2440
12,27,2460
12,28,2447
12,29,1980
12,30,2240
12,31,1620
12,33,1580
12,34,1180
12,37,4970
12,38,1430
12,41,423
12,42,2567
12,43,2131
12,45,93
12,46,507
13,1,1940
13,2,2340
13,3,1230
13,4,1790
13,5,2600
13,6,2320
13,7,2300
13,8,1230
13,9,2337
13,10,2280
13,11,1370
13,12,2470
13,15,2210
13,16,2340
13,17,1530
13,18,1740
13,19,2324
13,20,369
13,21,2230
13,22,954
13,23,338
13,24,294
13,25,2150
13,26,109
13,29,589
13,30,236
13,31,860
13,33,1210
13,34,1670
13,35,2450
13,36,1550
13,37,2550
13,38,1390
13,39,712
13,41,2047
13,42,337
13,43,450
13,44,708
13,45,2390
13,46,1970
14,1,761
14,4,762
14,5,184
14,7,214
14,8,1390
14,9,1080
14,10,228
14,11,1420
14,15,950
14,16,1100
14,17,1020
14,18,731
14,19,1040
14,20,2143
14,21,431
14,25,1010
14,31,1610
14,34,1180
14,38,1430
14,41,417
14,45,94
14,46,500
15,1,404
15,3,994
15,4,616
15,5,1120
15,6,788
15,7,760
15,8,983
15,9,177
15,10,758
15,11,852
15,12,945
15,13,2210
15,14,950
15,16,193
15,17,1310
15,18,1010
15,20,1844
15,21,534
15,22,2549
15,23,2440
15,24,2415
15,26,2143
15,29,1930
15,30,2030
15,31,1540
15,32,972
15,33,1038
15,34,550
15,35,938
15,36,1097
15,38,847
15,41,896
15,45,863
15,46,958
16,1,596
16,3,1101
16,4,806
16,5,1260
16,6,947
16,7,921
16,8,1120
16,10,922
16,11,963
16,12,1090
16,13,2340
16,14,1100
16,15,193
16,17,1501
16,18,1200
16,20,1967
16,21,702
16,22,2720
16,23,2580
16,25,204
16,26,2262
16,29,2085
16,30,2169
16,31,1710
16,32,1120
16,33,1140
16,34,674
16,35,1087
16,38,953
16,41,1082
16,45,1020
16,46,1150
17,1,906
17,2,2519
17,3,1040
17,4,694
17,5,1120
17,6,936
17,7,931
17,8,852
17,9,1487
17,10,908
17,11,1040
17,12,1020
17,13,1530
17,14,1020
17,15,1310
17,16,1501
17,18,333
17,19,1452
17,20,1276
17,21,978
17,22,1390
17,23,1584
17,24,1575
17,25,1306
17,26,1532
17,28,1522
17,29,991
17,30,1299
17,31,679
17,33,1097
17,34,1039
17,35,1008
17,36,220
17,37,3964
17,41,620
17,42,1578
17,43,1296
17,45,977
17,46,526
18,1,606
18,2,2840
18,3,973
18,4,409
18,5,863
18,6,620
18,7,610
18,8,801
18,9,1180
18,10,587
18,11,926
18,12,737
18,13,1740
18,14,731
18,15,1010
18,16,1200
18,17,333
18,19,1140
18,20,1440
18,21,645
18,22,1710
18,23,1840
18,24,1820
18,25,1010
18,26,1720
18,28,1720
18,29,1250
18,30,1510
18,31,885
18,32,735
18,33,1040
18,34,838
18,35,717
18,36,195
18,37,4230
18,39,1234
18,41,314
18,42,1830
18,43,1434
18,45,676
18,46,234
19,1,546
19,5,1200
19,6,885
19,7,859
19,8,1100
19,11,954
19,12,1030
19,13,2324
19,14,1040
19,17,1452
19,18,1140
19,21,639
19,25,174
19,31,1677
19,32,1060
19,35,1023
19,41,1021
19,45,953
19,46,1090
20,1,1580
20,2,2547
20,3,866
20,4,1444
20,5,2290
20,6,1999
20,8,865
20,9,1972
20,10,1951
20,11,1010
20,12,2150
20,13,369
20,14,2143
20,15,1844
20,16,1967
20,17,1276
20,18,1440
20,21,1885
20,22,1106
20,23,649
20,24,621
20,26,304
20,28,338
20,29,508
20,30,255
20,31,601
20,33,841
20,34,1300
20,35,2133
20,37,2911
20,38,1020
20,39,346
20,41,1733
20,42,644
20,43,110
20,44,369
20,45,2070
20,46,1670
21,1,356
21,3,1159
21,4,441
21,5,612
21,6,255
21,7,226
21,8,1060
21,9,681
21,10,224
21,11,1040
21,12,427
21,13,2230
21,14,431
21,15,534
21,16,702
21,17,978
21,18,645
21,19,639
21,20,1885
21,22,2347
21,23,2392
21,25,588
21,26,2187
21,29,1818
21,30,2020
21,31,1430
21,33,1222
21,35,416
21,34,778
21,38,1050
21,41,416
21,45,338
21,46,501
22,1,2180
22,2,1440
22,3,1768
22,4,1972
22,5,2490
22,7,2320
22,6,2335
22,8,1660
22,9,2712
22,10,2300
22,11,1870
22,12,2410
22,13,954
22,15,2549
22,16,2720
22,17,1390
22,18,1710
22,20,1106
22,21,2347
22,23,678
22,24,696
22,25,2515
22,26,1050
22,27,965
22,28,978
22,29,687
22,30,866
22,31,1020
22,33,1772
22,34,2082
22,35,2393
22,37,2670
22,38,1891
22,39,1367
22,42,671
22,43,1215
22,45,2370
22,46,1920
23,1,2130
23,2,2010
23,3,1500
23,4,1963
23,5,2700
23,6,2450
23,7,2434
23,8,1460
23,9,2577
23,10,2410
23,11,1630
23,12,2580
23,13,338
23,15,2440
23,16,2580
23,17,1584
23,18,1840
23,20,649
23,21,2392
23,22,678
23,25,2387
23,26,446
23,27,354
23,28,371
23,29,597
23,30,412
23,31,965
23,33,1480
23,34,1910
23,35,2560
23,37,2390
23,41,2154
23,43,750
23,45,2510
23,46,2070
24,1,2110
24,3,1476
24,5,2680
24,6,2431
24,8,1430
24,11,1600
24,12,2560
24,13,294
24,15,2415
24,17,1575
24,18,1820
24,20,621
24,22,696
24,26,417
24,27,324
24,28,342
24,29,584
24,30,386
24,31,946
24,33,1451
24,34,1880
24,35,2541
24,37,2410
24,38,1618
24,43,720
24,46,2056
25,1,406
25,3,925
25,4,612
25,5,1180
25,6,842
25,7,815
25,8,927
25,9,197
25,10,811
25,11,786
25,12,1010
25,13,2150
25,14,1010
25,16,204
25,17,1306
25,18,1010
25,19,174
25,21,588
25,22,2515
25,23,2387
25,26,2081
25,29,1884
25,30,1984
25,31,1500
25,32,1030
25,33,970
25,34,488
25,35,997
25,38,779
25,41,928
25,45,922
25,46,985
26,1,1890
26,3,1160
26,4,1746
26,5,2580
26,6,2296
26,7,2276
26,8,1170
26,9,2263
26,10,2253
26,11,1300
26,12,2440
26,13,109
26,15,2143
26,16,2262
26,17,1532
26,18,1720
26,20,304
26,21,2187
26,22,1050
26,23,446
26,24,417
26,25,2081
26,29,626
26,30,258
26,31,852
26,33,1129
26,34,1599
26,35,2425
26,37,2614
26,38,1310
26,39,634
26,42,446
26,41,2021
26,43,367
26,45,2360
26,46,1950
27,1,2460
27,2,2360
27,3,1220
27,5,2590
27,9,2322
27,12,2460
27,22,965
27,23,354
27,24,324
27,30,255
27,37,2564
27,42,352
28,1,1910
28,3,1206
28,8,1200
28,11,1340
28,12,2447
28,17,1522
28,18,1720
28,20,338
28,22,978
28,23,371
28,24,342
28,29,226
28,30,226
28,31,844
28,33,1174
28,35,2433
28,38,1350
28,42,370
28,46,1954
29,1,1590
29,3,1080
29,4,1400
29,5,2100
29,6,1865
29,8,986
29,9,2080
29,10,1822
29,11,1190
29,12,1980
29,13,589
29,15,1930
29,16,2085
29,17,991
29,18,1250
29,20,508
29,21,1818
29,22,687
29,23,597
29,24,584
29,25,1884
29,26,626
29,28,226
29,30,368
29,31,390
29,33,1086
29,34,1428
29,35,1969
29,39,694
29,41,1560
29,42,586
29,43,601
29,45,1920
29,46,1480
30,1,1740
30,2,2304
30,3,1080
30,4,1582
30,5,2370
30,6,2106
30,7,2089
30,8,1050
30,9,2173
30,10,2059
30,11,1220
30,12,2240
30,13,236
30,15,2030
30,16,2169
30,17,1299
30,18,1510
30,20,255
30,21,2020
30,22,866
30,23,412
30,24,386
30,25,1984
30,26,258
30,27,255
30,28,226
30,29,368
30,31,627
30,33,1069
30,34,1500
30,35,2227
30,36,1319
30,37,2762
30,38,1230
30,39,582
30,41,1819
30,42,406
30,43,364
30,45,2170
30,46,1740
31,1,1200
31,2,2400
31,3,768
31,4,1010
31,5,1750
31,6,1490
31,7,1470
31,8,640
31,9,1700
31,10,1450
31,11,861
31,12,1620
31,13,860
31,14,1610
31,15,1540
31,16,1710
31,17,679
31,18,885
31,19,1677
31,20,601
31,21,1430
31,22,1020
31,23,965
31,24,946
31,25,1500
31,26,852
31,28,844
31,29,390
31,30,627
31,33,795
31,34,1060
31,35,1600
31,36,691
31,37,3364
31,38,882
31,39,564
31,41,1197
31,42,954
31,43,638
31,44,303
31,45,1550
31,46,1120
32,1,780
32,5,166
32,7,233
32,9,1100
32,15,972
32,16,1120
32,18,735
32,19,1060
32,25,1030
32,45,114
32,46,503
33,1,872
33,3,66
33,4,820
33,6,1410
33,8,248
33,9,1143
33,10,1360
33,11,190
33,12,1580
33,13,1210
33,15,1038
33,16,1140
33,17,1097
33,18,1040
33,20,841
33,21,1222
33,22,1772
33,23,1480
33,24,1451
33,25,970
33,26,1129
33,28,1174
33,29,1086
33,30,1069
33,31,795
33,34,493
33,35,1569
33,38,192
33,39,495
33,41,1239
33,42,1473
33,45,1490
33,46,1210
34,1,424
34,3,444
34,4,471
34,5,1370
34,6,998
34,7,969
34,8,448
34,9,674
34,10,955
34,11,304
34,12,1180
34,13,1670
34,14,1180
34,15,550
34,16,674
34,17,1039
34,18,838
34,20,1300
34,21,778
34,22,2082
34,23,1910
34,24,1880
34,25,488
34,26,1599
34,29,1428
34,30,1500
34,31,1060
34,33,493
34,35,1167
34,38,302
34,41,917
34,42,1898
34,45,1090
34,46,928
35,1,745
35,3,1500
35,4,745
35,5,200
35,6,169
35,7,199
35,8,1370
35,9,1065
35,10,212
35,11,1400
35,13,2450
35,15,938
35,16,1087
35,17,1008
35,18,717
35,19,1023
35,20,2133
35,21,416
35,22,2393
35,23,2560
35,24,2541
35,25,997
35,26,2425
35,28,2433
35,29,1969
35,30,2227
35,31,1600
35,33,1569
35,34,1167
35,37,4950
35,38,1410
35,41,402
35,42,2547
35,45,79
35,46,486
36,1,694
36,4,481
36,8,686
36,13,1550
36,15,1097
36,17,220
36,18,195
36,31,691
36,30,1319
36,46,429
37,1,4502
37,2,2778
37,3,3755
37,5,5083
37,8,3770
37,10,4806
37,11,3890
37,12,4970
37,13,2550
37,17,3964
37,18,4230
37,20,2911
37,22,2670
37,23,2390
37,24,2410
37,26,2614
37,27,2564
37,30,2762
37,31,3364
37,35,4950
37,42,2405
38,1,693
38,3,152
38,4,669
38,5,1610
38,6,1240
38,7,1220
38,8,248
38,9,955
38,12,1430
38,13,1390
38,14,1430
38,15,847
38,16,953
38,20,1020
38,21,1050
38,24,1618
38,22,1891
38,25,779
38,26,1310
38,28,1350
38,30,1230
38,31,882
38,33,192
38,34,302
38,35,1410
38,39,675
38,41,1110
38,42,1638
38,45,1330
39,1,1279
39,3,527
39,8,549
39,11,665
39,13,712
39,18,1234
39,20,346
39,22,1367
39,26,634
39,29,694
39,30,582
39,31,564
39,33,495
39,38,675
39,42,985
41,1,556
41,3,1173
41,4,448
41,5,560
41,6,313
41,7,309
41,8,1019
41,9,1063
41,10,287
41,11,1090
41,12,423
41,13,2047
41,14,417
41,15,896
41,16,1082
41,17,620
41,18,314
41,19,1021
41,20,1733
41,21,416
41,23,2154
41,25,928
41,26,2021
41,29,1560
41,30,1819
41,31,1197
41,33,1239
41,34,917
41,35,402
41,38,1110
41,45,362
41,46,96
42,1,2124
42,3,1493
42,4,1953
42,5,2680
42,6,2440
42,8,1452
42,10,2401
42,12,2567
42,13,337
42,17,1578
42,18,1830
42,20,644
42,22,671
42,26,446
42,27,352
42,28,370
42,29,586
42,30,406
42,31,954
42,33,1473
42,35,2547
42,34,1898
42,37,2405
42,38,1638
42,39,985
42,46,2062
43,1,1540
43,3,795
43,8,810
43,11,933
43,12,2131
43,13,450
43,17,1296
43,18,1434
43,20,110
43,22,1215
43,23,750
43,24,720
43,26,367
43,29,601
43,30,364
43,31,638
44,8,549
44,13,708
44,20,369
44,31,303
45,1,667
45,3,1430
45,4,674
45,5,278
45,6,91
45,7,120
45,8,1300
45,9,995
45,10,135
45,11,1320
45,12,93
45,13,2390
45,14,94
45,15,863
45,16,1020
45,17,977
45,18,676
45,19,953
45,20,2070
45,21,338
45,22,2370
45,23,2510
45,25,922
45,26,2360
45,29,1920
45,30,2170
45,31,1550
45,32,114
45,33,1490
45,34,1090
45,35,79
45,38,1330
45,41,362
45,46,727
46,1,596
46,3,1140
46,4,456
46,5,629
46,6,408
46,7,405
46,8,986
46,9,1130
46,10,383
46,11,1080
46,12,507
46,13,1970
46,14,500
46,15,958
46,16,1150
46,17,526
46,18,234
46,19,1090
46,20,1670
46,21,501
46,22,1920
46,23,2070
46,24,2056
46,25,985
46,26,1950
46,28,1954
46,29,1480
46,30,1740
46,31,1120
46,32,503
46,33,1210
46,34,928
46,35,486
46,36,429
46,41,96
46,42,2062
46,45,727
1,83,516
1,138,224
1,147,527
1,148,1026
1,149,2167
1,150,759
1,151,1894
1,152,749
1,153,831
1,178,226
1,181,1834
1,182,331
1,183,374
1,184,432
1,185,691
1,186,719
1,187,484
1,188,1266
1,189,670
1,190,591
1,193,820
1,194,672
1,211,647
1,227,452
1,238,515
1,239,270
1,240,902
1,242,619
1,244,2086
1,263,1181
1,264,151
1,265,134
1,268,322
1,269,712
1,270,550
1,277,241
1,280,1988
1,281,447
1,283,852
1,288,780
1,291,858
1,295,562
1,296,480
1,301,565
1,305,304
1,307,794
1,359,533
1,362,743
1,363,316
1,364,499
1,371,448
1,373,191
1,374,106
1,375,258
1,378,363
1,379,433
1,382,350
1,383,1123
1,385,953
1,386,577
1,387,509
1,392,351
1,394,801
1,395,641
1,396,306
1,397,153
1,398,340
1,402,502
1,406,147
1,408,633
1,410,447
1,411,302
1,412,708
1,416,272
1,421,214
1,429,152
1,430,250
1,431,588
1,435,529
1,437,951
1,438,793
1,441,164
1,445,445
1,447,631
1,448,357
1,450,775
1,525,143
1,527,960
1,528,330
1,529,237
1,530,376
1,531,398
1,571,300
1,609,692
1,610,146
1,611,765
1,612,714
1,613,597
1,614,238
1,615,456
1,616,83
1,617,366
1,618,171
1,619,432
1,620,645
1,621,240
1,622,369
1,623,684
1,624,79
1,625,266
1,626,443
1,627,197
1,628,507
1,629,323
1,630,567
1,631,227
1,632,700
1,633,252
1,634,208
1,883,1301
1,947,840
2,149,1538
2,159,260
2,884,1366
2,886,1579
2,1092,397
2,1093,722
2,1094,618
2,1095,159
2,1096,1188
2,1097,327
2,1098,252
2,1099,59
2,1100,117
2,1101,194
2,1102,569
2,1103,287
2,1104,219
2,1105,317
2,1106,537
2,1107,546
2,1108,766
2,1109,624
2,1110,555
2,1111,440
2,1112,763
2,1113,391
2,1114,125
3,147,1209
3,149,1712
3,150,359
3,151,1193
3,178,1030
3,182,558
3,183,957
3,184,919
3,185,650
3,186,189
3,187,722
3,188,618
3,189,1032
3,190,972
3,193,773
3,194,427
3,227,446
3,239,952
3,240,1660
3,244,1477
3,265,681
3,268,875
3,269,1364
3,271,1373
3,273,341
3,277,708
3,278,274
3,280,1402
3,281,1072
3,362,814
3,368,419
3,371,389
3,375,1053
3,395,1103
3,416,625
3,429,881
3,430,664
3,431,463
3,444,890
3,549,992
3,605,1238
3,883,812
3,909,1298
3,929,508
3,1274,917
4,83,723
4,147,461
4,149,1967
4,150,614
4,178,328
4,182,200
4,183,230
4,184,249
4,185,490
4,186,621
4,187,272
4,189,476
4,190,395
4,239,484
4,240,905
4,269,632
4,277,402
4,281,337
4,296,526
4,363,470
4,375,438
4,397,265
4,416,391
4,421,417
4,430,390
4,438,740
4,445,649
4,549,598
4,609,683
4,627,109
4,632,704
4,633,174
4,1115,242
4,1116,130
4,1274,613
4,1295,693
5,83,1250
5,147,495
5,149,2529
5,152,342
5,178,727
5,181,2510
5,183,750
5,184,816
5,185,1252
5,186,1551
5,187,1044
5,189,857
5,190,858
5,238,468
5,239,1010
5,242,334
5,269,394
5,281,638
5,283,145
5,296,473
5,307,153
5,363,738
5,375,818
5,421,901
5,435,547
5,438,264
5,445,1221
5,605,2593
5,608,274
5,1053,200
5,1081,91
5,1082,148
5,1083,196
5,1084,61
5,1085,109
5,1086,70
5,1087,332
5,1088,45
5,1089,151
5,1090,127
5,1091,213
5,2095,261
6,83,921
6,147,210
6,148,451
6,149,2351
6,150,1176
6,152,277
6,178,361
6,182,785
6,183,429
6,184,514
6,185,963
6,186,1206
6,187,735
6,188,1665
6,189,639
6,190,609
6,194,1068
6,227,910
6,238,160
6,239,663
6,240,327
6,244,2388
6,265,681
6,268,493
6,269,281
6,277,799
6,281,336
6,283,288
6,291,283
6,305,435
6,307,219
6,363,400
6,375,472
6,379,405
6,395,527
6,397,425
6,421,549
6,429,463
6,430,819
6,437,376
6,441,413
6,445,881
6,620,452
6,1064,139
6,1066,176
7,83,893
7,138,716
7,147,204
7,149,2343
7,150,1154
7,152,296
7,178,331
7,182,760
7,183,410
7,184,498
7,185,946
7,186,1181
7,187,717
7,189,633
7,190,599
7,193,1008
7,227,885
7,238,143
7,239,634
7,240,356
7,264,612
7,265,652
7,268,472
7,269,296
7,281,322
7,283,318
7,291,313
7,305,413
7,307,248
7,362,895
7,363,372
7,373,408
7,374,522
7,375,444
7,379,390
7,395,523
7,396,248
7,397,395
7,398,859
7,406,693
7,412,705
7,416,816
7,421,520
7,429,436
7,430,789
7,431,960
7,435,273
7,437,406
7,438,298
7,445,852
7,447,478
7,525,468
7,526,589
7,527,437
7,528,285
7,529,502
7,530,320
7,531,280
7,626,771
7,1081,404
7,1086,382
8,83,1015
8,138,765
8,147,1065
8,149,1613
8,150,175
8,151,1185
8,178,933
8,181,1123
8,182,430
8,183,810
8,184,760
8,185,461
8,187,550
8,188,567
8,189,853
8,193,584
8,194,237
8,196,3702
8,211,1088
8,227,304
8,238,1209
8,239,916
8,244,1427
8,263,591
8,264,601
8,265,596
8,267,835
8,268,731
8,269,1210
8,270,189
8,271,1270
8,273,281
8,277,684
8,278,462
8,280,1342
8,281,924
8,288,329
8,289,308
8,291,1467
8,292,1080
8,295,364
8,296,1155
8,300,180
8,301,672
8,305,783
8,314,355
8,356,157
8,357,89
8,358,164
8,359,689
8,361,270
8,362,624
8,363,1045
8,364,284
8,368,311
8,370,483
8,371,382
8,373,919
8,374,693
8,375,984
8,376,692
8,377,490
8,379,860
8,381,673
8,382,641
8,383,968
8,384,1310
8,385,738
8,386,227
8,387,858
8,388,404
8,390,140
8,391,771
8,392,499
8,393,562
8,394,135
8,395,930
8,396,996
8,397,860
8,398,407
8,399,327
8,400,140
8,401,295
8,402,350
8,404,397
8,405,470
8,406,620
8,407,432
8,408,691
8,410,292
8,411,538
8,412,821
8,416,602
8,419,434
8,421,923
8,423,228
8,425,630
8,426,113
8,428,102
8,429,770
8,430,639
8,431,281
8,441,846
8,443,720
8,444,768
8,445,943
8,525,871
8,530,1103
8,571,898
8,605,1228
8,625,483
8,629,461
8,630,845
8,640,3716
8,651,657
8,865,1267
8,872,1426
8,877,1312
8,883,701
8,886,1475
8,890,1019
8,909,1162
8,919,1045
8,921,1318
8,929,332
8,934,978
8,936,713
8,941,677
8,950,721
8,969,1022
8,1082,1657
8,1127,851
8,2076,422
8,2082,352
8,3259,225
8,3306,363
8,3416,335
9,138,393
9,147,996
9,152,1185
9,178,633
9,182,850
9,183,933
9,184,1006
9,185,1242
9,186,1106
9,187,1057
9,189,1244
9,190,1168
9,211,145
9,238,782
9,239,319
9,240,1190
9,268,897
9,269,1167
9,281,974
9,283,1206
9,291,1175
9,296,807
9,305,866
9,307,1094
9,308,1178
9,309,1120
9,363,530
9,375,471
9,395,1199
9,396,692
9,397,621
9,416,524
9,429,710
9,430,493
9,435,1028
9,438,1198
9,441,662
9,608,979
9,609,1042
9,617,222
9,620,1184
9,632,1028
9,1051,982
9,1052,1213
9,1053,1336
9,2073,1029
9,2090,962
9,2097,1311
9,2102,1286
9,3273,644
10,147,182
10,148,492
10,149,2320
10,150,1133
10,152,288
10,178,321
10,183,387
10,184,475
10,185,923
10,187,694
10,190,576
10,193,985
10,194,1025
10,238,157
10,239,631
10,240,371
10,242,94
10,244,2350
10,263,1459
10,264,594
10,268,450
10,269,284
10,281,299
10,283,325
10,291,325
10,296,100
10,305,391
10,373,401
10,374,505
10,375,442
10,379,367
10,395,501
10,396,239
10,397,384
10,421,515
10,429,419
10,437,417
10,438,296
10,441,370
10,443,1568
10,444,1577
10,448,177
10,527,441
10,528,284
10,529,498
10,530,324
10,612,189
10,615,77
10,622,176
10,963,224
10,969,578
10,970,133
10,1053,444
10,1060,104
10,1061,238
10,1062,214
10,1063,55
10,1064,120
10,1065,102
10,1066,140
10,1067,91
10,1068,250
10,2075,150
11,83,859
11,147,1116
11,149,1822
11,150,396
11,151,1330
11,178,911
11,181,1266
11,182,468
11,183,871
11,184,844
11,185,644
11,186,217
11,187,668
11,188,742
11,189,985
11,193,782
11,194,430
11,227,375
11,238,1199
11,239,815
11,244,1606
11,263,809
11,264,594
11,265,561
11,268,787
11,270,192
11,271,1480
11,273,457
11,277,570
11,278,295
11,280,1527
11,281,985
11,288,543
11,289,428
11,291,1504
11,295,514
11,296,1155
11,305,828
11,314,201
11,358,74
11,362,803
11,363,995
11,364,190
11,368,517
11,370,309
11,371,253
11,373,876
11,375,923
11,378,974
11,379,929
11,391,978
11,392,375
11,394,166
11,395,1042
11,397,836
11,398,350
11,401,127
11,402,201
11,404,301
11,405,317
11,410,262
11,411,426
11,416,488
11,421,849
11,428,164
11,429,770
11,430,527
11,431,439
11,435,1084
11,443,934
11,444,985
11,571,783
11,608,1343
11,865,1424
11,883,913
11,909,1384
11,919,1264
11,941,885
11,950,926
11,1117,500
11,1118,123
12,83,1075
12,147,339
12,148,273
12,149,2446
12,151,2422
12,152,263
12,178,541
12,181,2371
12,183,587
12,184,663
12,187,890
12,188,1820
12,238,290
12,239,829
12,244,2513
12,268,660
12,269,300
12,280,2403
12,281,482
12,296,288
12,375,636
12,421,717
12,438,208
12,445,1042
12,526,382
12,527,266
12,605,2458
12,617,891
12,1052,149
12,1081,198
12,1084,195
13,147,2130
13,148,2635
13,149,834
13,150,1184
13,178,2119
13,181,109
13,182,1614
13,183,1894
13,184,1809
13,185,1360
13,186,1243
13,187,1588
13,188,675
13,189,1751
13,190,1746
13,193,1327
13,194,1279
13,196,2481
13,244,373
13,263,832
13,268,1837
13,269,2211
13,271,675
13,272,2610
13,280,391
13,281,1990
13,288,1199
13,291,2519
13,295,1419
13,304,2445
13,381,638
13,384,209
13,391,654
13,412,1683
13,431,1367
13,443,746
13,444,762
13,630,1818
13,640,2500
13,864,577
13,865,109
13,868,748
13,870,630
13,872,266
13,874,852
13,876,727
13,877,88
13,878,155
13,883,736
13,884,1047
13,885,86
13,886,945
13,887,270
13,888,259
13,889,255
13,890,237
13,891,345
13,892,134
13,893,399
13,894,173
13,907,568
13,909,902
13,916,1015
13,919,784
13,921,924
13,924,348
13,950,665
13,1127,392
13,1241,180
13,3046,611
13,3283,696
13,3426,985
14,83,1081
14,147,334
14,148,269
14,152,253
14,178,543
14,182,961
14,183,584
14,184,658
14,185,1104
14,186,1378
14,187,885
14,189,736
14,190,723
14,193,1144
14,211,1209
14,227,1083
14,238,296
14,239,834
14,265,865
14,268,657
14,269,291
14,281,477
14,296,292
14,305,603
14,362,1028
14,363,563
14,373,617
14,374,733
14,375,642
14,379,548
14,395,616
14,396,460
14,397,609
14,412,809
14,421,722
14,429,646
14,431,1144
14,435,395
14,437,195
14,438,198
14,441,598
14,443,1734
14,445,1048
14,448,405
14,526,378
14,527,258
14,530,500
14,615,305
14,617,897
14,950,1804
14,969,653
14,1081,201
14,1086,175
15,83,134
15,138,228
15,147,835
15,148,1214
15,149,2529
15,150,1067
15,151,2166
15,152,1034
15,178,469
15,182,683
15,183,758
15,184,830
15,185,1072
15,186,971
15,187,882
15,188,1549
15,189,1067
15,190,991
15,193,1210
15,194,1004
15,211,269
15,227,775
15,238,655
15,240,1073
15,242,852
15,244,2402
15,263,1518
15,264,536
15,265,479
15,268,719
15,269,1012
15,281,804
15,283,1074
15,291,1051
15,296,668
15,307,972
15,308,1022
15,309,990
15,359,937
15,362,1141
15,363,389
15,379,809
15,395,1025
15,396,535
15,397,450
15,398,587
15,402,654
15,416,380
15,429,533
15,435,862
15,437,1142
15,438,1054
15,441,489
15,527,1195
15,571,105
15,608,853
15,620,1013
15,624,326
15,632,897
15,1051,825
15,1052,1092
15,1053,1200
15,2090,791
15,2102,1167
16,83,104
16,138,403
16,147,1015
16,178,652
16,182,860
16,183,950
16,184,1022
16,185,1251
16,187,1069
16,189,1260
16,193,1393
16,194,1167
16,211,125
16,238,803
16,239,336
16,240,1211
16,265,662
16,268,912
16,269,1187
16,281,992
16,291,1196
16,296,827
16,307,1115
16,359,1128
16,375,491
16,395,1216
16,396,712
16,397,639
16,416,530
16,421,441
16,429,726
16,443,1808
16,549,214
16,570,95
16,571,295
16,632,1048
17,83,1417
17,147,724
17,149,1421
17,150,694
17,152,781
17,153,76
17,178,929
17,181,1451
17,182,701
17,183,595
17,184,502
17,185,393
17,187,448
17,188,979
17,189,297
17,190,348
17,193,281
17,194,616
17,238,1042
17,239,1174
17,240,1113
17,244,1513
17,263,723
17,265,854
17,267,488
17,268,603
17,269,732
17,271,1138
17,278,1311
17,281,624
17,283,976
17,288,545
17,291,1047
17,292,745
17,296,968
17,301,342
17,305,649
17,307,1054
17,359,374
17,362,232
17,363,1084
17,379,573
17,383,223
17,385,196
17,387,487
17,395,407
17,408,274
17,412,227
17,421,1092
17,429,791
17,431,596
17,437,1089
17,438,857
17,447,454
17,449,299
17,450,251
17,611,235
17,613,425
17,620,489
17,623,462
17,630,410
17,632,986
17,874,1250
17,877,1578
17,883,800
17,886,1171
17,893,1578
17,909,871
17,916,1022
17,917,884
17,918,910
17,921,1009
17,934,385
17,938,479
17,943,544
17,947,331
17,949,448
17,958,174
17,961,144
17,964,119
17,969,374
17,1069,283
17,1072,256
17,1073,472
17,1074,192
17,1075,199
17,1076,114
17,1077,174
17,1078,256
17,1079,255
17,1080,190
17,3314,187
17,3326,168
17,3487,551
18,83,1122
18,147,411
18,148,897
18,149,1733
18,150,692
18,151,1695
18,152,526
18,153,268
18,178,599
18,181,1647
18,182,492
18,183,264
18,184,177
18,185,402
18,187,258
18,188,1115
18,189,67
18,192,557
18,193,415
18,194,585
18,196,4175
18,211,1253
18,227,552
18,238,715
18,239,865
18,240,847
18,242,592
18,244,1776
18,263,908
18,264,511
18,265,584
18,267,777
18,268,287
18,269,472
18,271,1432
18,277,812
18,280,1666
18,281,295
18,283,721
18,288,587
18,291,781
18,295,438
18,296,641
18,301,130
18,305,323
18,307,770
18,359,116
18,362,298
18,363,753
18,370,1234
18,373,666
18,374,501
18,375,760
18,376,135
18,377,315
18,378,416
18,379,240
18,382,273
18,383,556
18,384,1725
18,385,461
18,387,156
18,391,1097
18,395,136
18,396,589
18,397,577
18,398,678
18,407,500
18,408,139
18,411,780
18,412,108
18,416,795
18,421,773
18,425,174
18,429,475
18,430,797
18,431,521
18,435,342
18,436,186
18,437,840
18,438,605
18,441,536
18,443,1004
18,444,1006
18,445,1051
18,446,458
18,447,178
18,448,530
18,449,303
18,450,173
18,526,974
18,527,761
18,529,781
18,530,759
18,608,718
18,609,652
18,611,160
18,612,629
18,613,122
18,615,565
18,620,223
18,623,222
18,625,668
18,630,84
18,650,233
18,651,435
18,868,1774
18,876,1671
18,883,1010
18,886,1493
18,909,1182
18,919,1159
18,921,1328
18,929,471
18,934,714
18,941,1028
18,947,465
18,950,1078
18,956,615
18,957,359
18,958,213
18,959,146
18,960,156
18,961,397
18,962,268
18,963,564
18,964,214
18,965,118
18,966,343
18,967,393
18,968,213
18,969,224
18,970,526
18,1151,396
18,1295,1092
18,2074,340
18,2075,443
18,2107,222
18,3019,907
18,3283,1337
18,3288,288
18,3314,333
18,3439,784
19,147,953
19,178,591
19,184,968
19,186,1089
19,187,1023
19,240,1150
19,281,933
19,291,1134
19,307,1053
19,632,986
20,83,1864
20,147,1809
20,149,1009
20,150,831
20,151,324
20,178,1769
20,181,260
20,182,1260
20,183,1565
20,184,1485
20,185,1041
20,186,877
20,187,1259
20,188,328
20,189,1457
20,190,1440
20,193,1035
20,194,933
20,196,2839
20,227,1133
20,238,2024
20,244,646
20,263,551
20,268,1502
20,269,1907
20,271,735
20,272,2973
20,273,586
20,280,600
20,281,1666
20,288,868
20,289,579
20,362,1147
20,368,600
20,381,351
20,384,492
20,385,1079
20,391,438
20,395,1570
20,412,1393
20,419,431
20,443,513
20,605,368
20,640,2854
20,865,424
20,868,951
20,870,854
20,872,597
20,876,893
20,877,454
20,878,507
20,883,491
20,886,1021
20,890,159
20,893,697
20,919,706
20,924,263
20,951,243
20,1127,119
20,1128,129
20,1129,230
20,3347,188
20,3426,1132
21,83,668
21,147,328
21,148,699
21,178,129
21,182,632
21,183,389
21,184,488
21,185,901
21,186,1049
21,187,666
21,189,688
21,190,631
21,239,408
21,240,566
21,269,488
21,281,362
21,283,544
21,291,531
21,307,458
21,430,582
21,438,519
21,549,511
21,632,373
21,1274,596
21,1295,647
22,147,2118
22,149,129
22,150,1516
22,151,956
22,159,1528
22,178,2273
22,181,988
22,184,1860
22,185,1485
22,186,1667
22,187,1704
22,188,1178
22,189,1689
22,190,1728
22,193,1363
22,196,2638
22,244,605
22,263,1065
22,271,398
22,272,2698
22,280,563
22,281,2010
22,288,1426
22,292,662
22,375,2409
22,384,749
22,444,889
22,605,937
22,640,2687
22,868,234
22,870,351
22,874,171
22,876,228
22,877,908
22,878,848
22,884,93
22,886,223
22,893,618
22,909,541
22,916,377
22,917,510
22,918,489
22,919,619
22,920,260
22,921,387
22,1102,907
22,1272,212
22,1273,98
22,1275,249
22,1276,103
22,1283,679
23,147,2247
23,149,550
23,150,1379
23,151,363
23,159,2144
23,178,2289
23,181,420
23,183,2030
23,184,1937
23,185,1494
23,186,1472
23,187,1730
23,188,894
23,189,1839
23,190,1849
23,193,1429
23,196,2335
23,244,86
23,263,961
23,271,522
23,272,2443
23,280,191
23,281,2113
23,291,2617
23,362,1544
23,384,157
23,412,1767
23,431,1546
23,443,844
23,444,835
23,605,326
23,640,2365
23,864,250
23,865,238
23,866,304
23,867,153
23,868,451
23,869,315
23,870,329
23,871,78
23,872,77
23,873,412
23,874,620
23,875,200
23,876,463
23,877,262
23,878,191
23,883,845
23,886,733
23,889,193
23,893,66
23,909,806
23,916,843
23,919,736
23,921,768
23,950,789
23,3283,587
23,3426,710
24,149,569
24,151,333
24,178,2268
24,183,2011
24,186,1446
24,187,1710
24,188,867
24,190,1832
24,194,1438
24,196,2352
24,271,522
24,272,2462
24,280,188
24,605,296
24,640,2381
24,868,472
24,885,393
24,886,742
24,3426,728
25,138,200
25,147,874
25,148,1277
25,149,2492
25,152,1080
25,178,508
25,182,655
25,183,774
25,184,839
25,185,1047
25,186,916
25,187,870
25,189,1076
25,190,998
25,211,241
25,238,717
25,239,181
25,240,1137
25,263,1475
25,265,460
25,268,728
25,269,1055
25,281,830
25,283,1131
25,291,1112
25,296,724
25,307,1034
25,375,371
25,379,829
25,395,1043
25,396,581
25,397,478
25,412,1114
25,416,329
25,435,896
25,437,1204
25,438,1105
25,441,515
25,571,119
25,608,914
25,620,1037
25,632,956
25,1051,868
26,147,2101
26,149,933
26,150,1133
26,178,2071
26,183,1860
26,184,1777
26,185,1330
26,186,1179
26,187,1553
26,188,627
26,189,1734
26,190,1724
26,193,1310
26,196,2536
26,240,2560
26,244,480
26,263,815
26,268,1799
26,271,750
26,272,2670
26,280,489
26,384,314
26,444,768
26,640,2551
26,868,851
26,872,375
26,884,1143
26,886,1028
26,889,350
26,893,508
26,907,599
26,1241,94
26,1294,423
26,3426,1081
27,149,846
27,244,387
27,280,402
27,909,905
28,149,860
28,185,1338
28,186,1213
28,187,1565
28,188,648
28,190,1727
28,244,404
28,280,416
28,307,2482
28,893,433
28,3426,1009
29,83,1982
29,147,1654
29,149,628
29,150,864
29,151,558
29,178,1722
29,181,541
29,182,1258
29,183,1445
29,184,1351
29,185,917
29,186,998
29,187,1152
29,188,493
29,189,1243
29,190,1255
29,193,837
29,194,924
29,196,2931
29,240,2086
29,244,530
29,263,409
29,267,507
29,271,290
29,280,421
29,282,188
29,292,387
29,383,863
29,384,500
29,391,216
29,412,1170
29,605,573
29,868,616
29,870,573
29,874,520
29,876,524
29,877,614
29,883,291
29,886,546
29,908,358
29,909,347
29,910,221
29,911,183
29,912,298
29,913,319
29,914,199
29,915,409
29,916,531
29,917,463
29,918,402
29,919,205
29,920,460
29,921,436
29,922,150
29,923,161
29,924,272
29,925,174
29,926,132
30,83,2065
30,147,1904
30,149,762
30,150,983
30,151,197
30,178,1910
30,181,173
30,182,1412
30,183,1673
30,184,1585
30,185,1136
30,186,1064
30,187,1367
30,188,485
30,189,1519
30,190,1516
30,193,1096
30,194,1072
30,227,1291
30,238,2148
30,239,1960
30,240,2356
30,244,397
30,263,603
30,265,1613
30,267,842
30,268,1619
30,269,1980
30,270,1240
30,271,520
30,273,773
30,280,345
30,281,1765
30,282,539
30,283,2230
30,288,983
30,289,794
30,291,2290
30,292,754
30,295,1205
30,301,1409
30,362,1212
30,368,756
30,383,1203
30,384,258
30,385,1102
30,391,419
30,393,968
30,395,1638
30,397,1844
30,404,1091
30,405,1208
30,408,1372
30,429,1734
30,430,1690
30,431,1160
30,435,1840
30,605,223
30,611,1506
30,620,1728
30,630,1589
30,868,699
30,870,599
30,872,374
30,874,733
30,876,647
30,877,288
30,878,313
30,884,954
30,885,237
30,886,806
30,892,309
30,893,453
30,909,701
30,913,660
30,916,846
30,917,811
30,921,750
30,934,1046
30,949,1097
30,961,1393
30,1069,1228
30,1070,276
30,1071,1451
30,1294,358
30,2073,1396
30,3046,392
30,3426,894
31,83,1605
31,147,1286
31,148,1776
31,149,989
31,150,494
31,151,817
31,178,1334
31,181,774
31,182,870
31,183,1066
31,184,973
31,185,531
31,186,650
31,187,767
31,188,349
31,189,893
31,190,892
31,192,382
31,193,471
31,194,540
31,196,3296
31,227,769
31,238,1548
31,239,1444
31,240,1732
31,242,1470
31,244,906
31,263,73
31,264,1045
31,265,1080
31,267,301
31,268,1021
31,269,1355
31,270,791
31,271,647
31,272,3407
31,273,456
31,278,1024
31,280,802
31,281,1150
31,282,457
31,288,419
31,289,564
31,291,1666
31,292,455
31,295,635
31,296,1477
31,301,790
31,359,831
31,362,587
31,363,1481
31,368,359
31,375,1446
31,377,668
31,379,1081
31,381,250
31,383,626
31,384,841
31,385,482
31,391,212
31,395,1012
31,396,1366
31,397,1275
31,398,965
31,402,977
31,408,749
31,412,823
31,416,1177
31,421,1410
31,429,1159
31,430,1208
31,431,615
31,435,1220
31,438,1487
31,441,1244
31,443,120
31,444,141
31,450,903
31,527,1634
31,605,848
31,611,880
31,628,1528
31,640,3323
31,864,1022
31,865,842
31,868,993
31,870,961
31,872,957
31,874,850
31,876,896
31,877,914
31,878,929
31,883,125
31,884,1072
31,886,834
31,889,777
31,891,557
31,893,974
31,909,524
31,911,282
31,912,391
31,913,230
31,915,313
31,916,751
31,917,623
31,918,593
31,919,405
31,921,678
31,923,259
31,924,516
31,926,258
31,929,663
31,931,180
31,932,179
31,933,150
31,934,516
31,935,277
31,936,90
31,937,292
31,938,488
31,939,304
31,940,289
31,941,152
31,943,576
31,944,113
31,945,227
31,946,280
31,947,422
31,948,217
31,949,604
31,950,196
31,951,419
31,952,384
31,953,109
31,954,295
31,955,359
31,1127,503
31,1661,221
31,3283,556
31,3286,573
31,3287,297
31,3323,218
31,3426,1034
31,3439,1130
31,3487,582
32,83,1103
32,178,563
32,363,585
32,1081,190
32,1085,191
32,1086,162
32,2078,149
33,149,1712
33,150,408
33,151,1163
33,178,1093
33,182,624
33,183,1023
33,185,707
33,186,248
33,187,786
33,188,608
33,190,1036
33,193,825
33,194,484
33,239,1005
33,263,732
33,278,234
33,281,1138
33,314,135
33,549,1039
34,147,918
34,178,650
34,182,349
34,183,701
34,184,708
34,185,690
34,186,435
34,187,605
34,189,904
34,190,826
34,194,538
34,211,642
34,227,346
34,239,512
34,240,1325
34,264,380
34,270,270
34,281,806
34,307,1216
34,395,927
34,549,549
34,608,1101
34,1274,479
34,3273,668
35,83,1069
35,147,318
35,148,284
35,149,2426
35,150,1321
35,152,246
35,178,528
35,181,2351
35,182,944
35,183,567
35,184,642
35,185,1089
35,187,870
35,189,722
35,190,709
35,193,1130
35,194,1211
35,211,1197
35,238,284
35,239,820
35,240,160
35,244,2492
35,267,1484
35,268,640
35,269,281
35,281,461
35,283,143
35,291,115
35,296,277
35,305,586
35,362,1014
35,363,550
35,374,716
35,375,628
35,379,532
35,387,576
35,395,603
35,396,445
35,397,594
35,412,796
35,416,1014
35,421,708
35,429,630
35,430,987
35,431,1127
35,435,380
35,437,209
35,438,194
35,441,582
35,443,1719
35,445,1035
35,526,392
35,527,266
35,529,687
35,570,1094
35,612,92
35,620,517
35,630,634
35,909,1876
35,919,1868
35,963,174
35,1068,171
35,1083,393
35,1087,514
35,3282,968
36,178,741
36,549,1078
36,1070,1237
36,1274,1090
36,1295,1170
37,149,2601
37,196,100
37,244,2459
37,272,102
37,304,216
37,639,73
37,640,163
37,647,84
37,648,54
37,884,2713
38,147,1130
38,150,419
38,178,918
38,182,484
38,184,861
38,185,667
38,186,240
38,187,688
38,188,758
38,190,937
38,193,806
38,194,454
38,227,394
38,239,814
38,244,1620
38,265,569
38,268,803
38,273,474
38,277,569
38,278,277
38,281,1000
38,289,440
38,314,187
38,368,537
38,375,926
38,397,843
38,398,359
38,416,487
38,605,1385
38,929,490
39,186,560
39,549,1510
41,24,2138
41,83,1027
41,149,2039
41,152,244
41,178,431
41,184,261
41,185,692
41,186,1013
41,187,486
41,189,327
41,190,306
41,238,434
41,239,754
41,268,304
41,269,191
41,281,112
41,283,422
41,296,362
41,363,557
41,375,596
41,379,162
41,395,214
41,397,450
41,421,642
41,430,798
41,438,316
41,445,969
41,549,873
41,620,145
41,632,376
41,1070,1719
41,1151,98
41,1158,168
41,1159,154
41,1160,103
41,1161,143
41,1162,144
41,1274,933
41,1295,1001
42,149,544
42,150,1371
42,151,362
42,182,1793
42,184,1927
42,185,1484
42,186,1464
42,187,1720
42,188,886
42,190,1839
42,196,2345
42,271,511
42,272,2453
42,280,180
42,281,2103
42,605,325
42,640,2375
42,868,445
42,877,263
42,884,765
42,886,723
42,907,589
42,1070,667
43,149,1119
43,178,1730
43,184,1469
43,190,1437
43,884,1299
43,907,561
45,83,994
45,147,267
45,148,364
45,149,2398
45,150,1257
45,152,257
45,178,448
45,182,872
45,183,505
45,184,586
45,185,1035
45,186,1292
45,187,811
45,189,688
45,190,666
45,193,1085
45,211,1123
45,238,212
45,239,742
45,240,237
45,242,83
45,265,771
45,268,575
45,269,278
45,281,405
45,283,212
45,291,195
45,296,198
45,305,518
45,307,129
45,309,127
45,362,969
45,363,474
45,373,522
45,374,639
45,375,550
45,379,475
45,387,528
45,395,571
45,396,365
45,397,514
45,412,762
45,416,934
45,421,630
45,429,553
45,435,334
45,437,289
45,438,228
45,441,503
45,445,958
45,448,310
45,526,472
45,527,335
45,530,414
45,609,55
45,612,104
45,615,210
45,626,869
45,628,201
45,956,287
45,963,180
45,970,153
45,1052,241
45,1061,166
45,1068,192
45,1151,299
45,1152,156
45,1153,129
45,1154,107
45,1295,974
45,3019,766
46,83,1086
46,147,201
46,149,1947
46,150,898
46,152,295
46,178,500
46,182,610
46,183,229
46,184,231
46,185,627
46,186,980
46,187,439
46,189,236
46,190,228
46,193,648
46,194,788
46,227,704
46,238,529
46,239,814
46,240,613
46,242,370
46,264,555
46,265,625
46,268,306
46,269,240
46,281,155
46,283,488
46,291,547
46,296,456
46,301,345
46,305,296
46,307,539
46,309,478
46,359,312
46,362,532
46,363,636
46,373,584
46,374,505
46,375,668
46,378,281
46,379,166
46,382,363
46,387,128
46,395,120
46,396,460
46,397,509
46,408,372
46,412,310
46,421,706
46,429,443
46,431,714
46,435,133
46,437,607
46,438,373
46,441,470
46,447,74
46,448,382
46,449,349
46,450,287
46,526,748
46,527,535
46,608,496
46,609,423
46,611,296
46,612,397
46,613,112
46,623,98
46,630,156
46,632,463
46,909,1395
46,958,362
46,963,331
46,964,415
46,969,207
46,970,300
46,1061,377
46,1068,352
46,1073,198
46,1078,343
46,1151,163
46,1155,284
46,1156,305
46,1157,243
83,1,516
83,4,723
83,5,1250
83,6,921
83,7,893
83,8,1015
83,11,859
83,12,1075
83,14,1081
83,15,134
83,16,104
83,17,1417
83,18,1122
83,20,1864
83,21,668
83,29,1982
83,30,2065
83,31,1605
83,32,1103
83,35,1069
83,41,1027
83,45,994
83,46,1086
83,147,967
83,148,1344
83,178,601
83,183,880
83,184,947
83,185,1155
83,187,980
83,189,1185
83,190,1107
83,193,1299
83,211,137
83,240,1202
83,263,1573
83,269,1145
83,281,932
83,283,1206
83,291,1181
83,307,1102
83,395,1148
83,412,1223
83,435,993
83,438,1188
83,608,983
83,632,1029
138,1,224
138,7,716
138,8,765
138,9,393
138,15,228
138,16,403
138,25,200
138,178,387
147,1,527
147,3,1209
147,4,461
147,5,495
147,6,210
147,7,204
147,8,1065
147,9,996
147,10,182
147,11,1116
147,12,339
147,13,2130
147,14,334
147,15,835
147,16,1015
147,17,724
147,18,411
147,19,953
147,20,1809
147,21,328
147,22,2118
147,23,2247
147,25,874
147,26,2101
147,29,1654
147,30,1904
147,31,1286
147,34,918
147,35,318
147,38,1130
147,45,267
147,46,201
147,83,967
147,178,366
147,182,651
147,183,256
147,184,324
147,185,771
147,186,1058
147,187,552
147,190,401
147,239,695
147,265,598
147,268,335
147,291,405
147,296,259
147,363,476
147,375,524
147,421,580
147,429,382
147,430,776
147,445,914
147,549,811
147,1274,880
147,1295,942
148,1,1026
148,6,451
148,10,492
148,12,273
148,13,2635
148,14,269
148,15,1214
148,18,897
148,21,699
148,25,1277
148,31,1776
148,35,284
148,45,364
148,83,1344
148,178,811
148,307,243
148,445,1313
148,570,1368
148,626,1217
148,1083,111
149,1,2167
149,2,1538
149,3,1712
149,4,1967
149,5,2529
149,6,2351
149,7,2343
149,8,1613
149,10,2320
149,11,1822
149,12,2446
149,13,834
149,15,2529
149,17,1421
149,18,1733
149,20,1009
149,22,129
149,23,550
149,24,569
149,25,2492
149,26,933
149,27,846
149,28,860
149,29,628
149,30,762
149,31,989
149,33,1712
149,35,2426
149,37,2601
149,41,2039
149,42,544
149,43,1119
149,45,2398
149,46,1947
149,150,1481
149,151,839
149,178,2275
149,181,873
149,185,1477
149,186,1623
149,187,1703
149,188,1109
149,189,1712
149,190,1745
149,193,1364
149,196,2560
149,244,479
149,271,343
149,280,444
149,292,677
149,384,626
149,605,817
149,864,327
149,866,275
149,868,105
149,869,241
149,870,222
149,873,170
149,874,173
149,875,351
149,876,116
149,877,784
149,884,221
149,886,278
149,893,489
149,921,416
149,2100,181
149,3283,433
149,3426,161
150,1,759
150,3,359
150,4,614
150,6,1176
150,7,1154
150,8,175
150,10,1133
150,11,396
150,13,1184
150,15,1067
150,17,694
150,18,692
150,20,831
150,22,1516
150,23,1379
150,26,1133
150,29,864
150,30,983
150,31,494
150,33,408
150,35,1321
150,38,419
150,42,1371
150,45,1257
150,46,898
150,149,1481
150,178,938
150,185,313
150,186,181
150,187,461
150,190,690
150,430,725
150,549,1059
151,1,1894
151,3,1193
151,8,1185
151,11,1330
151,12,2422
151,15,2166
151,18,1695
151,20,324
151,22,956
151,23,363
151,24,333
151,29,558
151,30,197
151,31,817
151,33,1163
151,42,362
151,149,839
151,190,1701
151,244,390
152,1,749
152,5,342
152,6,277
152,7,296
152,9,1185
152,10,288
152,12,263
152,14,253
152,15,1034
152,17,781
152,18,526
152,25,1080
152,35,246
152,41,244
152,45,257
152,46,295
152,178,573
152,190,521
152,549,1010
152,1295,1144
153,1,831
153,17,76
153,18,268
153,1070,1261
159,2,260
159,22,1528
159,23,2144
159,1109,372
159,2048,110
159,2322,178
159,2323,103
159,2324,172
159,2332,267
159,2347,253
159,2352,83
159,2362,224
159,2367,127
159,2374,108
159,2380,181
159,2389,142
159,2420,82
159,2601,90
159,2934,116
159,3028,148
178,1,226
178,3,1030
178,4,328
178,5,727
178,6,361
178,7,331
178,8,933
178,9,633
178,10,321
178,11,911
178,12,541
178,13,2119
178,14,543
178,15,469
178,16,652
178,17,929
178,18,599
178,19,591
178,20,1769
178,21,129
178,22,2273
178,23,2289
178,24,2268
178,25,508
178,26,2071
178,29,1722
178,30,1910
178,31,1334
178,32,563
178,33,1093
178,34,650
178,35,528
178,36,741
178,38,918
178,41,431
178,43,1730
178,45,448
178,46,500
178,83,601
178,138,387
178,147,366
178,148,811
178,149,2275
178,150,938
178,152,573
178,182,510
178,183,335
178,184,427
178,185,807
178,186,924
178,187,574
178,189,651
178,190,584
178,193,911
178,194,840
178,211,737
178,227,639
178,238,289
178,239,329
178,240,683
178,242,413
178,244,2237
178,264,332
178,265,350
178,267,1319
178,268,335
178,269,546
178,270,763
178,277,439
178,281,347
178,283,646
178,291,643
178,295,707
178,296,256
178,301,607
178,305,281
178,362,814
178,363,156
178,371,674
178,373,89
178,374,241
178,375,168
178,376,521
178,378,221
178,379,370
178,382,414
178,387,460
178,392,576
178,395,583
178,396,83
178,397,75
178,398,561
178,406,372
178,411,525
178,412,707
178,416,488
178,421,214
178,429,176
178,430,460
178,431,752
178,435,395
178,437,736
178,438,603
178,440,99
178,441,91
178,445,548
178,448,155
178,525,140
178,526,920
178,527,760
178,528,118
178,529,207
178,530,184
178,531,190
178,549,445
178,571,389
178,609,480
178,612,509
178,615,244
178,617,417
178,619,220
178,622,185
178,626,491
178,628,281
178,630,534
178,631,120
178,632,484
178,950,1501
178,968,466
178,1062,178
178,1067,239
178,1068,557
178,1081,722
178,1151,476
178,1152,604
178,1154,370
178,1162,287
178,2075,285
178,2085,235
178,2091,330
178,2092,175
178,2101,202
178,3019,364
181,1,1834
181,5,2510
181,8,1123
181,11,1266
181,12,2371
181,13,109
181,17,1451
181,18,1647
181,20,260
181,22,988
181,23,420
181,29,541
181,30,173
181,31,774
181,35,2351
181,149,873
181,244,439
181,884,1079
182,1,331
182,3,558
182,4,200
182,6,785
182,7,760
182,8,430
182,9,850
182,11,468
182,13,1614
182,14,961
182,15,683
182,16,860
182,17,701
182,18,492
182,20,1260
182,21,632
182,25,655
182,29,1258
182,30,1412
182,31,870
182,33,624
182,34,349
182,35,944
182,38,484
182,42,1793
182,45,872
182,46,610
182,147,651
182,178,510
182,183,402
182,184,381
182,185,393
182,186,422
182,190,481
182,191,197
182,239,574
182,430,373
182,549,670
182,1116,71
182,1274,653
182,2084,181
183,1,374
183,3,957
183,4,230
183,5,750
183,6,429
183,7,410
183,8,810
183,9,933
183,10,387
183,11,871
183,12,587
183,13,1894
183,14,584
183,15,758
183,16,950
183,17,595
183,18,264
183,20,1565
183,21,389
183,23,2030
183,24,2011
183,25,774
183,26,1860
183,29,1445
183,30,1673
183,31,1066
183,33,1023
183,34,701
183,35,567
183,45,505
183,46,229
183,83,880
183,147,256
183,178,335
183,182,402
183,185,538
183,187,307
183,189,317
183,190,249
183,239,614
183,240,720
183,291,659
183,296,412
183,375,497
183,395,268
183,412,372
183,421,516
183,430,601
183,431,560
183,445,814
183,549,736
183,632,530
183,1070,1549
183,1274,777
183,1295,852
183,2094,556
184,1,432
184,3,919
184,4,249
184,5,816
184,6,514
184,7,498
184,8,760
184,9,1006
184,10,475
184,11,844
184,12,663
184,13,1809
184,14,658
184,15,830
184,16,1022
184,17,502
184,18,177
184,19,968
184,20,1485
184,21,488
184,22,1860
184,23,1937
184,25,839
184,26,1777
184,29,1351
184,30,1585
184,31,973
184,34,708
184,35,642
184,38,861
184,41,261
184,42,1927
184,43,1469
184,45,586
184,46,231
184,83,947
184,147,324
184,178,427
184,182,381
184,185,449
184,186,754
184,187,228
184,190,162
184,239,688
184,363,583
184,375,585
184,421,596
184,430,638
184,445,877
184,549,808
184,632,608
184,1070,1470
184,1274,841
184,1295,917
185,1,691
185,3,650
185,4,490
185,5,1252
185,6,963
185,7,946
185,8,461
185,9,1242
185,10,923
185,11,644
185,13,1360
185,14,1104
185,15,1072
185,16,1251
185,17,393
185,18,402
185,20,1041
185,21,901
185,22,1485
185,23,1494
185,25,1047
185,26,1330
185,28,1338
185,29,917
185,30,1136
185,31,531
185,33,707
185,34,690
185,35,1089
185,38,667
185,41,692
185,42,1484
185,45,1035
185,46,627
185,83,1155
185,147,771
185,149,1477
185,178,807
185,182,393
185,183,538
185,184,449
185,186,461
185,187,236
185,188,717
185,189,435
185,190,403
185,191,226
185,192,161
185,239,954
185,363,957
185,430,764
185,444,667
185,446,56
185,549,1057
185,1070,1027
185,1274,1045
185,1295,1125
186,1,719
186,3,189
186,4,621
186,5,1551
186,6,1206
186,7,1181
186,9,1106
186,11,217
186,13,1243
186,14,1378
186,15,971
186,19,1089
186,20,877
186,21,1049
186,22,1667
186,23,1472
186,24,1446
186,25,916
186,26,1179
186,28,1213
186,29,998
186,30,1064
186,31,650
186,33,248
186,34,435
186,38,240
186,39,560
186,41,1013
186,42,1464
186,45,1292
186,46,980
186,147,1058
186,149,1623
186,150,181
186,178,924
186,182,422
186,184,754
186,185,461
186,187,545
186,188,579
186,189,850
186,190,793
186,193,586
186,194,238
186,227,296
186,244,1438
186,265,585
186,273,292
186,278,460
186,280,1353
186,281,918
186,288,333
186,289,318
186,368,322
186,605,1239
186,929,328
186,2077,235
187,1,484
187,3,722
187,4,272
187,5,1044
187,6,735
187,7,717
187,8,550
187,9,1057
187,10,694
187,11,668
187,12,890
187,13,1588
187,14,885
187,15,882
187,16,1069
187,17,448
187,18,258
187,19,1023
187,20,1259
187,21,666
187,22,1704
187,23,1730
187,24,1710
187,25,870
187,26,1553
187,28,1565
187,29,1152
187,30,1367
187,31,767
187,33,786
187,34,605
187,35,870
187,38,688
187,41,486
187,42,1720
187,45,811
187,46,439
187,83,980
187,147,552
187,149,1703
187,150,461
187,178,574
187,183,307
187,184,228
187,185,236
187,186,545
187,189,317
187,190,251
187,193,341
187,194,350
187,227,296
187,239,753
187,244,1674
187,277,636
187,281,408
187,288,391
187,291,955
187,362,259
187,395,381
187,416,599
187,436,146
187,960,110
187,1116,232
187,2074,114
187,2087,149
187,2088,202
187,2096,101
187,2099,187
187,2104,119
187,2107,93
187,3326,330
188,1,1266
188,3,618
188,6,1665
188,8,567
188,11,742
188,12,1820
188,13,675
188,15,1549
188,17,979
188,18,1115
188,20,328
188,22,1178
188,23,894
188,24,867
188,26,627
188,28,648
188,29,493
188,30,485
188,31,349
188,33,608
188,38,758
188,42,886
188,149,1109
188,185,717
188,186,579
188,190,1118
188,2076,230
188,2089,61
189,1,670
189,3,1032
189,4,476
189,5,857
189,6,639
189,7,633
189,8,853
189,9,1244
189,11,985
189,13,1751
189,14,736
189,15,1067
189,16,1260
189,17,297
189,18,67
189,20,1457
189,21,688
189,22,1689
189,23,1839
189,25,1076
189,26,1734
189,29,1243
189,30,1519
189,31,893
189,34,904
189,35,722
189,41,327
189,45,688
189,46,236
189,83,1185
189,149,1712
189,178,651
189,183,317
189,185,435
189,186,850
189,187,317
189,193,425
189,239,925
189,281,329
189,549,1046
189,1070,1445
189,1274,1078
189,1295,1155
190,1,591
190,3,972
190,4,395
190,5,858
190,6,609
190,7,599
190,9,1168
190,10,576
190,13,1746
190,14,723
190,15,991
190,17,348
190,20,1440
190,21,631
190,22,1728
190,23,1849
190,24,1832
190,25,998
190,26,1724
190,28,1727
190,29,1255
190,30,1516
190,31,892
190,33,1036
190,34,826
190,35,709
190,38,937
190,41,306
190,42,1839
190,43,1437
190,45,666
190,46,228
190,83,1107
190,147,401
190,149,1745
190,150,690
190,151,1701
190,152,521
190,178,584
190,182,481
190,183,249
190,184,162
190,185,403
190,186,793
190,187,251
190,188,1118
190,193,422
190,194,582
190,227,544
190,238,702
190,239,849
190,240,840
190,244,1785
190,265,570
190,268,271
190,269,467
190,280,1675
190,281,282
190,283,715
190,288,588
190,291,774
190,362,305
190,368,878
190,375,745
190,379,226
190,395,137
190,397,562
190,398,667
190,437,835
190,605,1735
190,620,220
190,632,681
190,929,465
190,2091,255
190,2093,188
191,182,197
191,185,226
192,18,557
192,31,382
192,185,161
193,1,820
193,3,773
193,7,1008
193,8,584
193,10,985
193,11,782
193,13,1327
193,14,1144
193,15,1210
193,16,1393
193,17,281
193,18,415
193,20,1035
193,22,1363
193,23,1429
193,26,1310
193,29,837
193,30,1096
193,31,471
193,33,825
193,35,1130
193,38,806
193,45,1085
193,46,648
193,83,1299
193,149,1364
193,178,911
193,186,586
193,187,341
193,189,425
193,190,422
193,549,1194
193,1070,1024
193,1274,1188
193,1295,1268
194,1,672
194,3,427
194,6,1068
194,8,237
194,10,1025
194,11,430
194,13,1279
194,15,1004
194,16,1167
194,17,616
194,18,585
194,20,933
194,24,1438
194,29,924
194,30,1072
194,31,540
194,33,484
194,34,538
194,35,1211
194,38,454
194,46,788
194,178,840
194,186,238
194,187,350
194,190,582
194,549,994
196,8,3702
196,13,2481
196,18,4175
196,20,2839
196,22,2638
196,23,2335
196,24,2352
196,26,2536
196,29,2931
196,31,3296
196,37,100
196,42,2345
196,149,2560
196,244,2401
196,272,201
196,304,121
196,639,35
196,640,84
196,647,16
196,648,46
196,2393,28
196,2394,79
211,1,647
211,8,1088
211,9,145
211,14,1209
211,15,269
211,16,125
211,18,1253
211,25,241
211,34,642
211,35,1197
211,45,1123
211,83,137
211,178,737
227,1,452
227,3,446
227,6,910
227,7,885
227,8,304
227,11,375
227,14,1083
227,15,775
227,18,552
227,20,1133
227,30,1291
227,31,769
227,34,346
227,38,394
227,46,704
227,178,639
227,186,296
227,187,296
227,190,544
227,430,442
227,549,764
238,1,515
238,5,468
238,6,160
238,7,143
238,8,1209
238,9,782
238,10,157
238,11,1199
238,12,290
238,14,296
238,15,655
238,16,803
238,17,1042
238,18,715
238,20,2024
238,25,717
238,30,2148
238,31,1548
238,35,284
238,41,434
238,45,212
238,46,529
238,178,289
238,190,702
238,239,543
238,549,632
238,1274,726
239,1,270
239,3,952
239,4,484
239,5,1010
239,6,663
239,7,634
239,8,916
239,9,319
239,10,631
239,11,815
239,12,829
239,14,834
239,16,336
239,17,1174
239,18,865
239,21,408
239,25,181
239,30,1960
239,31,1444
239,33,1005
239,34,512
239,35,820
239,38,814
239,41,754
239,45,742
239,46,814
239,147,695
239,178,329
239,182,574
239,183,614
239,184,688
239,185,954
239,187,753
239,189,925
239,190,849
239,238,543
239,268,578
239,269,875
239,296,545
239,395,881
239,416,327
239,441,345
239,632,778
239,2073,723
239,2090,647
240,1,902
240,3,1660
240,4,905
240,6,327
240,7,356
240,9,1190
240,10,371
240,15,1073
240,16,1211
240,17,1113
240,18,847
240,19,1150
240,21,566
240,25,1137
240,26,2560
240,29,2086
240,30,2356
240,31,1732
240,34,1325
240,35,160
240,45,237
240,46,613
240,83,1202
240,178,683
240,183,720
240,190,840
240,363,690
240,1274,1146
240,1295,1185
242,1,619
242,5,334
242,10,94
242,15,852
242,18,592
242,31,1470
242,45,83
242,46,370
242,178,413
242,363,465
242,445,943
242,549,828
242,1274,913
242,1295,964
244,1,2086
244,3,1477
244,6,2388
244,8,1427
244,10,2350
244,11,1606
244,12,2513
244,13,373
244,15,2402
244,17,1513
244,18,1776
244,20,646
244,22,605
244,23,86
244,26,480
244,27,387
244,28,404
244,29,530
244,30,397
244,31,906
244,35,2492
244,37,2459
244,38,1620
244,149,479
244,151,390
244,178,2237
244,181,439
244,186,1438
244,187,1674
244,190,1785
244,196,2401
244,271,437
244,605,358
244,640,2432
244,864,207
244,877,310
244,886,649
263,1,1181
263,8,591
263,10,1459
263,11,809
263,13,832
263,15,1518
263,17,723
263,18,908
263,20,551
263,22,1065
263,23,961
263,25,1475
263,26,815
263,29,409
263,30,603
263,31,73
263,33,732
263,83,1573
263,1070,543
264,1,151
264,7,612
264,8,601
264,10,594
264,11,594
264,15,536
264,18,511
264,31,1045
264,34,380
264,46,555
264,178,332
265,1,134
265,3,681
265,6,681
265,7,652
265,8,596
265,11,561
265,14,865
265,15,479
265,16,662
265,17,854
265,18,584
265,25,460
265,30,1613
265,31,1080
265,38,569
265,45,771
265,46,625
265,147,598
265,178,350
265,186,585
265,190,570
267,8,835
267,17,488
267,18,777
267,29,507
267,30,842
267,31,301
267,35,1484
267,178,1319
267,1070,873
268,1,322
268,3,875
268,6,493
268,7,472
268,8,731
268,9,897
268,10,450
268,11,787
268,12,660
268,13,1837
268,14,657
268,15,719
268,16,912
268,17,603
268,18,287
268,20,1502
268,25,728
268,26,1799
268,30,1619
268,31,1021
268,35,640
268,38,803
268,41,304
268,45,575
268,46,306
268,147,335
268,178,335
268,190,271
268,239,578
268,363,491
268,421,490
268,430,533
268,549,698
268,1070,1486
268,1274,730
268,1295,807
269,1,712
269,3,1364
269,4,632
269,5,394
269,6,281
269,7,296
269,8,1210
269,9,1167
269,10,284
269,12,300
269,13,2211
269,14,291
269,15,1012
269,16,1187
269,17,732
269,18,472
269,20,1907
269,21,488
269,25,1055
269,30,1980
269,31,1355
269,35,281
269,41,191
269,45,278
269,46,240
269,83,1145
269,178,546
269,190,467
269,239,875
269,283,250
270,1,550
270,8,189
270,11,192
270,30,1240
270,31,791
270,34,270
270,178,763
270,430,451
271,3,1373
271,8,1270
271,11,1480
271,13,675
271,17,1138
271,18,1432
271,20,735
271,22,398
271,23,522
271,24,522
271,26,750
271,29,290
271,30,520
271,31,647
271,42,511
271,149,343
271,244,437
271,280,335
271,886,287
271,920,198
271,1070,750
272,13,2610
272,20,2973
272,22,2698
272,23,2443
272,24,2462
272,26,2670
272,31,3407
272,37,102
272,42,2453
272,196,201
272,640,263
273,3,341
273,8,281
273,11,457
273,20,586
273,30,773
273,31,456
273,38,474
273,186,292
273,314,481
277,1,241
277,3,708
277,4,402
277,6,799
277,8,684
277,11,570
277,18,812
277,38,569
277,178,439
277,187,636
278,3,274
278,8,462
278,11,295
278,17,1311
278,31,1024
278,33,234
278,38,277
278,186,460
280,1,1988
280,3,1402
280,8,1342
280,11,1527
280,12,2403
280,13,391
280,18,1666
280,20,600
280,22,563
280,23,191
280,24,188
280,26,489
280,27,402
280,28,416
280,29,421
280,30,345
280,31,802
280,42,180
280,149,444
280,186,1353
280,190,1675
280,271,335
280,281,1944
280,885,461
281,1,447
281,3,1072
281,4,337
281,5,638
281,6,336
281,7,322
281,8,924
281,9,974
281,10,299
281,11,985
281,12,482
281,13,1990
281,14,477
281,15,804
281,16,992
281,17,624
281,18,295
281,19,933
281,20,1666
281,21,362
281,22,2010
281,23,2113
281,25,830
281,30,1765
281,31,1150
281,33,1138
281,34,806
281,35,461
281,38,1000
281,41,112
281,42,2103
281,45,405
281,46,155
281,83,932
281,178,347
281,186,918
281,187,408
281,189,329
281,190,282
281,280,1944
281,363,488
281,445,870
282,29,188
282,30,539
282,31,457
282,1070,705
283,1,852
283,5,145
283,6,288
283,7,318
283,9,1206
283,10,325
283,15,1074
283,17,976
283,18,721
283,21,544
283,25,1131
283,30,2230
283,35,143
283,41,422
283,45,212
283,46,488
283,83,1206
283,178,646
283,190,715
283,269,250
283,363,685
283,549,1050
283,1274,1139
283,1295,1186
283,2095,160
283,2097,157
288,1,780
288,8,329
288,11,543
288,13,1199
288,17,545
288,18,587
288,20,868
288,22,1426
288,30,983
288,31,419
288,186,333
288,187,391
288,190,588
288,549,1116
288,1070,853
289,8,308
289,11,428
289,20,579
289,30,794
289,31,564
289,38,440
289,186,318
291,1,858
291,6,283
291,7,313
291,8,1467
291,9,1175
291,10,325
291,11,1504
291,13,2519
291,15,1051
291,16,1196
291,17,1047
291,18,781
291,19,1134
291,21,531
291,23,2617
291,25,1112
291,30,2290
291,31,1666
291,35,115
291,45,195
291,46,547
291,83,1181
291,147,405
291,178,643
291,183,659
291,187,955
291,190,774
291,363,664
292,8,1080
292,17,745
292,22,662
292,29,387
292,30,754
292,31,455
292,149,677
292,1070,879
292,2080,200
292,2081,189
292,2086,197
292,2098,211
292,2103,244
295,1,562
295,8,364
295,11,514
295,13,1419
295,18,438
295,30,1205
295,31,635
295,178,707
295,430,610
295,549,913
295,1070,1063
295,1274,895
295,1295,975
296,1,480
296,4,526
296,5,473
296,8,1155
296,9,807
296,10,100
296,11,1155
296,12,288
296,14,292
296,15,668
296,16,827
296,17,968
296,18,641
296,25,724
296,31,1477
296,35,277
296,41,362
296,45,198
296,46,456
296,147,259
296,178,256
296,183,412
296,239,545
296,445,761
296,549,644
296,1274,732
300,8,180
301,1,565
301,8,672
301,17,342
301,18,130
301,30,1409
301,31,790
301,46,345
301,178,607
301,430,725
301,549,950
301,1070,1309
301,1274,966
301,1295,1046
304,13,2445
304,37,216
304,196,121
305,1,304
305,6,435
305,7,413
305,8,783
305,9,866
305,10,391
305,11,828
305,14,603
305,17,649
305,18,323
305,35,586
305,45,518
305,46,296
305,178,281
305,421,451
305,430,533
305,549,668
305,1274,708
305,1295,782
307,1,794
307,5,153
307,6,219
307,7,248
307,9,1094
307,15,972
307,16,1115
307,17,1054
307,18,770
307,19,1053
307,21,458
307,25,1034
307,28,2482
307,34,1216
307,45,129
307,46,539
307,83,1102
307,148,243
307,363,586
307,626,975
307,1295,1084
308,9,1178
308,15,1022
308,363,651
308,549,998
308,1274,1070
308,1295,1131
309,9,1120
309,15,990
309,45,127
309,46,478
309,549,966
309,1274,1056
309,1295,1102
314,8,355
314,11,201
314,33,135
314,38,187
314,273,481
356,8,157
357,8,89
358,8,164
358,11,74
359,1,533
359,8,689
359,15,937
359,16,1128
359,17,374
359,18,116
359,31,831
359,46,312
359,549,917
359,1274,937
361,8,270
362,1,743
362,3,814
362,7,895
362,8,624
362,11,803
362,14,1028
362,15,1141
362,17,232
362,18,298
362,20,1147
362,23,1544
362,30,1212
362,31,587
362,35,1014
362,45,969
362,46,532
362,178,814
362,187,259
362,190,305
362,430,860
362,549,1123
362,1070,1135
362,1274,1126
362,1295,1207
363,1,316
363,4,470
363,5,738
363,6,400
363,7,372
363,8,1045
363,9,530
363,11,995
363,14,563
363,15,389
363,17,1084
363,18,753
363,31,1481
363,32,585
363,35,550
363,41,557
363,45,474
363,46,636
363,147,476
363,178,156
363,184,583
363,185,957
363,240,690
363,242,465
363,268,491
363,281,488
363,283,685
363,291,664
363,307,586
363,308,651
363,378,357
363,379,520
363,387,610
363,435,518
363,608,466
363,609,518
363,620,692
363,632,509
363,968,607
363,1051,456
363,1053,811
363,2073,694
363,2085,382
363,2102,782
363,2109,532
364,1,499
364,8,284
364,11,190
368,3,419
368,8,311
368,11,517
368,20,600
368,30,756
368,31,359
368,38,537
368,186,322
368,190,878
370,8,483
370,11,309
370,18,1234
371,1,448
371,3,389
371,8,382
371,11,253
371,178,674
371,549,607
373,1,191
373,7,408
373,8,919
373,10,401
373,11,876
373,14,617
373,18,666
373,45,522
373,46,584
373,178,89
373,549,356
374,1,106
374,7,522
374,8,693
374,10,505
374,14,733
374,18,501
374,35,716
374,45,639
374,46,505
374,178,241
374,549,491
374,1274,514
375,1,258
375,3,1053
375,4,438
375,5,818
375,6,472
375,7,444
375,8,984
375,9,471
375,10,442
375,11,923
375,12,636
375,14,642
375,16,491
375,18,760
375,22,2409
375,25,371
375,31,1446
375,35,628
375,38,926
375,41,596
375,45,550
375,46,668
375,147,524
375,178,168
375,183,497
375,184,585
375,190,745
375,632,586
376,8,692
376,18,135
376,178,521
377,8,490
377,18,315
377,31,668
378,1,363
378,11,974
378,18,416
378,46,281
378,178,221
378,363,357
379,1,433
379,6,405
379,7,390
379,8,860
379,10,367
379,11,929
379,14,548
379,15,809
379,17,573
379,18,240
379,25,829
379,31,1081
379,35,532
379,41,162
379,45,475
379,46,166
379,178,370
379,190,226
379,363,520
379,549,787
379,1274,833
379,1295,905
381,8,673
381,13,638
381,20,351
381,31,250
382,1,350
382,8,641
382,18,273
382,46,363
382,178,414
382,430,525
382,549,735
383,1,1123
383,8,968
383,17,223
383,18,556
383,29,863
383,30,1203
383,31,626
383,549,1507
383,1070,1219
383,1274,1519
384,8,1310
384,13,209
384,18,1725
384,20,492
384,22,749
384,23,157
384,26,314
384,29,500
384,30,258
384,31,841
384,149,626
384,1070,515
385,1,953
385,8,738
385,17,196
385,18,461
385,20,1079
385,30,1102
385,31,482
385,549,1334
385,1070,1071
385,1274,1334
386,1,577
386,8,227
387,1,509
387,8,858
387,17,487
387,18,156
387,35,576
387,45,528
387,46,128
387,178,460
387,363,610
387,549,871
387,1070,1542
387,1274,913
387,1295,988
388,8,404
390,8,140
391,8,771
391,11,978
391,13,654
391,18,1097
391,20,438
391,29,216
391,30,419
391,31,212
391,1070,438
392,1,351
392,8,499
392,11,375
392,178,576
392,549,483
393,8,562
393,30,968
393,549,1278
393,1070,903
394,1,801
394,8,135
394,11,166
395,1,641
395,3,1103
395,6,527
395,7,523
395,8,930
395,9,1199
395,10,501
395,11,1042
395,14,616
395,15,1025
395,16,1216
395,17,407
395,18,136
395,20,1570
395,25,1043
395,30,1638
395,31,1012
395,34,927
395,35,603
395,41,214
395,45,571
395,46,120
395,83,1148
395,178,583
395,183,268
395,187,381
395,190,137
395,239,881
395,445,1082
395,549,1002
395,1070,1558
395,1274,1046
395,1295,1120
396,1,306
396,7,248
396,8,996
396,9,692
396,10,239
396,14,460
396,15,535
396,16,712
396,18,589
396,25,581
396,31,1366
396,35,445
396,45,365
396,46,460
396,178,83
396,549,511
396,1274,588
397,1,153
397,4,265
397,6,425
397,7,395
397,8,860
397,9,621
397,10,384
397,11,836
397,14,609
397,15,450
397,16,639
397,18,577
397,25,478
397,30,1844
397,31,1275
397,35,594
397,38,843
397,41,450
397,45,514
397,46,509
397,178,75
397,190,562
397,549,426
397,1274,483
397,1295,551
398,1,340
398,7,859
398,8,407
398,11,350
398,15,587
398,18,678
398,31,965
398,38,359
398,178,561
398,190,667
398,549,579
399,8,327
400,8,140
401,8,295
401,11,127
402,1,502
402,8,350
402,11,201
402,15,654
402,31,977
404,8,397
404,11,301
404,30,1091
405,8,470
405,11,317
405,30,1208
405,1070,942
406,1,147
406,7,693
406,8,620
406,178,372
406,549,391
407,8,432
407,18,500
408,1,633
408,8,691
408,17,274
408,18,139
408,30,1372
408,31,749
408,46,372
408,549,1018
408,1070,1285
408,1274,1034
410,1,447
410,8,292
410,11,262
411,1,302
411,8,538
411,11,426
411,18,780
411,178,525
411,549,440
412,1,708
412,7,705
412,8,821
412,13,1683
412,14,809
412,17,227
412,18,108
412,20,1393
412,23,1767
412,25,1114
412,29,1170
412,31,823
412,35,796
412,45,762
412,46,310
412,83,1223
412,178,707
412,183,372
416,1,272
416,3,625
416,4,391
416,7,816
416,8,602
416,9,524
416,11,488
416,15,380
416,16,530
416,18,795
416,25,329
416,31,1177
416,35,1014
416,38,487
416,45,934
416,178,488
416,187,599
416,239,327
419,8,434
419,20,431
421,1,214
421,4,417
421,5,901
421,6,549
421,7,520
421,8,923
421,10,515
421,11,849
421,12,717
421,14,722
421,16,441
421,17,1092
421,18,773
421,31,1410
421,35,708
421,41,642
421,45,630
421,46,706
421,147,580
421,178,214
421,183,516
421,184,596
421,268,490
421,305,451
423,8,228
425,8,630
425,18,174
425,549,902
425,1295,995
426,8,113
428,8,102
428,11,164
429,1,152
429,3,881
429,6,463
429,7,436
429,8,770
429,9,710
429,10,419
429,11,770
429,14,646
429,15,533
429,16,726
429,17,791
429,18,475
429,30,1734
429,31,1159
429,35,630
429,45,553
429,46,443
429,147,382
429,178,176
429,430,396
429,549,512
429,1274,551
429,1295,625
430,1,250
430,3,664
430,4,390
430,6,819
430,7,789
430,8,639
430,9,493
430,11,527
430,18,797
430,21,582
430,30,1690
430,31,1208
430,35,987
430,41,798
430,147,776
430,150,725
430,178,460
430,182,373
430,183,601
430,184,638
430,185,764
430,227,442
430,268,533
430,270,451
430,295,610
430,301,725
430,305,533
430,362,860
430,382,525
430,429,396
430,431,601
430,2073,588
430,2090,675
430,3273,478
431,1,588
431,3,463
431,7,960
431,8,281
431,11,439
431,13,1367
431,14,1144
431,17,596
431,18,521
431,23,1546
431,30,1160
431,31,615
431,35,1127
431,46,714
431,178,752
431,183,560
431,430,601
431,549,919
435,1,529
435,5,547
435,7,273
435,9,1028
435,11,1084
435,14,395
435,15,862
435,18,342
435,25,896
435,30,1840
435,31,1220
435,35,380
435,45,334
435,46,133
435,83,993
435,178,395
435,363,518
435,549,838
435,1274,901
435,1295,967
436,18,186
436,187,146
437,1,951
437,6,376
437,7,406
437,10,417
437,14,195
437,15,1142
437,17,1089
437,18,840
437,25,1204
437,35,209
437,45,289
437,46,607
437,178,736
437,190,835
438,1,793
438,4,740
438,5,264
438,7,298
438,9,1198
438,10,296
438,12,208
438,14,198
438,15,1054
438,17,857
438,18,605
438,21,519
438,25,1105
438,31,1487
438,35,194
438,41,316
438,45,228
438,46,373
438,83,1188
438,178,603
438,445,1143
438,549,1030
438,1274,1112
438,1295,1166
440,178,99
441,1,164
441,6,413
441,8,846
441,9,662
441,10,370
441,14,598
441,15,489
441,18,536
441,25,515
441,31,1244
441,35,582
441,45,503
441,46,470
441,178,91
441,239,345
441,445,555
441,549,466
441,1274,520
441,1295,589
443,8,720
443,10,1568
443,11,934
443,13,746
443,14,1734
443,16,1808
443,18,1004
443,20,513
443,23,844
443,31,120
443,35,1719
444,3,890
444,8,768
444,10,1577
444,11,985
444,13,762
444,18,1006
444,22,889
444,23,835
444,26,768
444,31,141
444,185,667
445,1,445
445,4,649
445,5,1221
445,6,881
445,7,852
445,8,943
445,12,1042
445,14,1048
445,18,1051
445,35,1035
445,41,969
445,45,958
445,147,914
445,148,1313
445,178,548
445,183,814
445,184,877
445,242,943
445,281,870
445,296,761
445,395,1082
445,438,1143
445,441,555
445,2090,858
446,18,458
447,1,631
447,7,478
447,17,454
447,18,178
447,46,74
447,549,985
448,1,357
448,10,177
448,14,405
448,18,530
448,45,310
448,46,382
448,178,155
448,549,595
448,1274,669
449,17,299
449,18,303
449,46,349
450,1,775
450,17,251
450,18,173
450,31,903
450,46,287
525,1,143
525,7,468
525,8,871
525,178,140
526,7,589
526,12,382
526,14,378
526,18,974
526,35,392
526,45,472
526,46,748
526,178,920
526,549,1299
526,1274,1394
527,1,960
527,7,437
527,10,441
527,12,266
527,14,258
527,15,1195
527,18,761
527,31,1634
527,35,266
527,45,335
527,46,535
527,178,760
527,549,1171
528,1,330
528,7,285
528,10,284
528,178,118
529,1,237
529,7,502
529,10,498
529,18,781
529,35,687
529,178,207
530,1,376
530,7,320
530,8,1103
530,10,324
530,14,500
530,18,759
530,45,414
530,178,184
531,1,398
531,7,280
531,178,190
549,3,992
549,4,598
549,16,214
549,21,511
549,33,1039
549,34,549
549,36,1078
549,39,1510
549,41,873
549,147,811
549,150,1059
549,152,1010
549,178,445
549,182,670
549,183,736
549,184,808
549,185,1057
549,189,1046
549,193,1194
549,194,994
549,227,764
549,238,632
549,242,828
549,268,698
549,283,1050
549,288,1116
549,295,913
549,296,644
549,301,950
549,305,668
549,308,998
549,309,966
549,359,917
549,362,1123
549,371,607
549,373,356
549,374,491
549,379,787
549,382,735
549,383,1507
549,385,1334
549,387,871
549,392,483
549,393,1278
549,395,1002
549,396,511
549,397,426
549,398,579
549,406,391
549,408,1018
549,411,440
549,425,902
549,429,512
549,431,919
549,435,838
549,438,1030
549,441,466
549,447,985
549,448,595
549,526,1299
549,527,1171
549,609,883
549,611,1141
549,612,921
549,620,989
549,628,639
549,630,937
549,631,536
549,632,873
549,934,1627
549,963,955
549,968,896
549,969,1128
549,970,855
549,1053,1176
549,1063,781
549,1069,1573
549,1071,1025
549,2073,835
549,2075,729
549,2085,666
549,2090,768
549,2097,1143
549,2099,707
549,2102,1144
549,2109,862
549,3273,457
570,16,95
570,35,1094
570,148,1368
571,1,300
571,8,898
571,11,783
571,15,105
571,16,295
571,25,119
571,178,389
605,3,1238
605,5,2593
605,8,1228
605,12,2458
605,20,368
605,22,937
605,23,326
605,24,296
605,29,573
605,30,223
605,31,848
605,38,1385
605,42,325
605,149,817
605,186,1239
605,190,1735
605,244,358
605,1241,186
608,5,274
608,9,979
608,11,1343
608,15,853
608,18,718
608,25,914
608,34,1101
608,46,496
608,83,983
608,363,466
609,1,692
609,4,683
609,9,1042
609,18,652
609,45,55
609,46,423
609,178,480
609,363,518
609,549,883
609,1274,971
609,1295,1019
610,1,146
611,1,765
611,17,235
611,18,160
611,30,1506
611,31,880
611,46,296
611,549,1141
611,1070,1449
611,1274,1174
611,1295,1251
612,1,714
612,10,189
612,18,629
612,35,92
612,45,104
612,46,397
612,178,509
612,549,921
612,1274,1007
613,1,597
613,17,425
613,18,122
613,46,112
614,1,238
615,1,456
615,10,77
615,14,305
615,18,565
615,45,210
615,178,244
616,1,83
617,1,366
617,9,222
617,12,891
617,14,897
617,178,417
618,1,171
619,1,432
619,178,220
620,1,645
620,6,452
620,9,1184
620,15,1013
620,17,489
620,18,223
620,25,1037
620,30,1728
620,35,517
620,41,145
620,190,220
620,363,692
620,549,989
620,1274,1041
620,1295,1112
621,1,240
622,1,369
622,10,176
622,178,185
623,1,684
623,17,462
623,18,222
623,46,98
624,1,79
624,15,326
625,1,266
625,8,483
625,18,668
625,629,69
626,1,443
626,7,771
626,45,869
626,148,1217
626,178,491
626,307,975
627,1,197
627,4,109
628,1,507
628,31,1528
628,45,201
628,178,281
628,549,639
629,1,323
629,8,461
629,625,69
630,1,567
630,8,845
630,13,1818
630,17,410
630,18,84
630,30,1589
630,35,634
630,46,156
630,178,534
630,549,937
630,1070,1497
630,1274,974
630,1295,1050
631,1,227
631,178,120
631,549,536
631,1274,592
632,1,700
632,4,704
632,9,1028
632,15,897
632,16,1048
632,17,986
632,19,986
632,21,373
632,25,956
632,41,376
632,46,463
632,83,1029
632,178,484
632,183,530
632,184,608
632,190,681
632,239,778
632,363,509
632,375,586
632,549,873
632,1274,964
632,1295,1009
632,3019,801
633,1,252
633,4,174
633,2082,138
634,1,208
639,37,73
639,196,35
640,8,3716
640,13,2500
640,20,2854
640,22,2687
640,23,2365
640,24,2381
640,26,2551
640,31,3323
640,37,163
640,42,2375
640,196,84
640,244,2432
640,272,263
640,639,93
640,647,94
640,884,2730
647,37,84
647,196,16
647,640,94
647,648,30
648,37,54
648,196,46
648,647,30
650,18,233
651,8,657
651,18,435
864,13,577
864,23,250
864,31,1022
864,149,327
864,244,207
864,866,56
865,8,1267
865,11,1424
865,13,109
865,20,424
865,23,238
865,31,842
866,23,304
866,149,275
866,864,56
867,23,153
868,13,748
868,18,1774
868,20,951
868,22,234
868,23,451
868,24,472
868,26,851
868,29,616
868,30,699
868,31,993
868,42,445
868,149,105
868,1070,970
869,23,315
869,149,241
870,13,630
870,20,854
870,22,351
870,23,329
870,29,573
870,30,599
870,31,961
870,149,222
871,23,78
872,8,1426
872,13,266
872,20,597
872,23,77
872,26,375
872,30,374
872,31,957
873,23,412
873,149,170
874,13,852
874,17,1250
874,22,171
874,23,620
874,29,520
874,30,733
874,31,850
874,149,173
874,1070,977
875,23,200
875,149,351
876,13,727
876,18,1671
876,20,893
876,22,228
876,23,463
876,29,524
876,30,647
876,31,896
876,149,116
876,1070,911
877,8,1312
877,13,88
877,17,1578
877,20,454
877,22,908
877,23,262
877,29,614
877,30,288
877,31,914
877,42,263
877,149,784
877,244,310
878,13,155
878,20,507
878,22,848
878,23,191
878,30,313
878,31,929
883,1,1301
883,3,812
883,8,701
883,11,913
883,13,736
883,17,800
883,18,1010
883,20,491
883,23,845
883,29,291
883,31,125
884,2,1366
884,13,1047
884,22,93
884,26,1143
884,30,954
884,31,1072
884,37,2713
884,42,765
884,43,1299
884,149,221
884,181,1079
884,640,2730
884,1070,1207
885,13,86
885,24,393
885,30,237
885,280,461
885,1070,325
886,2,1579
886,8,1475
886,13,945
886,17,1171
886,18,1493
886,20,1021
886,22,223
886,23,733
886,24,742
886,26,1028
886,29,546
886,30,806
886,31,834
886,42,723
886,149,278
886,244,649
886,271,287
887,13,270
887,951,180
888,13,259
889,13,255
889,23,193
889,26,350
889,31,777
890,8,1019
890,13,237
890,20,159
891,13,345
891,31,557
892,13,134
892,30,309
893,13,399
893,17,1578
893,20,697
893,22,618
893,23,66
893,26,508
893,28,433
893,30,453
893,31,974
893,149,489
893,1070,719
894,13,173
907,13,568
907,26,599
907,42,589
907,43,561
907,1070,477
908,29,358
909,3,1298
909,8,1162
909,11,1384
909,13,902
909,17,871
909,18,1182
909,22,541
909,23,806
909,27,905
909,29,347
909,30,701
909,31,524
909,35,1876
909,46,1395
909,1070,861
910,29,221
911,29,183
911,31,282
912,29,298
912,31,391
913,29,319
913,30,660
913,31,230
914,29,199
915,29,409
915,31,313
915,923,261
916,13,1015
916,17,1022
916,22,377
916,23,843
916,29,531
916,30,846
916,31,751
916,1070,1045
917,17,884
917,22,510
917,29,463
917,30,811
917,31,623
917,918,67
917,1070,979
918,17,910
918,22,489
918,29,402
918,31,593
918,917,67
919,8,1045
919,11,1264
919,13,784
919,18,1159
919,20,706
919,22,619
919,23,736
919,29,205
919,31,405
919,35,1868
920,22,260
920,29,460
920,271,198
920,1275,26
921,8,1318
921,13,924
921,17,1009
921,18,1328
921,22,387
921,23,768
921,29,436
921,30,750
921,31,678
921,149,416
921,1070,948
922,29,150
923,29,161
923,31,259
923,915,261
924,13,348
924,20,263
924,29,272
924,31,516
924,1070,278
925,29,174
926,29,132
926,31,258
929,3,508
929,8,332
929,18,471
929,31,663
929,38,490
929,186,328
929,190,465
931,31,180
931,1661,56
932,31,179
932,940,139
933,31,150
934,8,978
934,17,385
934,18,714
934,30,1046
934,31,516
934,549,1627
934,1070,1092
935,31,277
936,8,713
936,31,90
936,2108,251
937,31,292
937,946,74
938,17,479
938,31,488
939,31,304
940,31,289
940,932,139
940,1128,198
941,8,677
941,11,885
941,18,1028
941,31,152
943,17,544
943,31,576
944,31,113
945,31,227
946,31,280
946,937,74
947,1,840
947,17,331
947,18,465
947,31,422
948,31,217
949,17,448
949,30,1097
949,31,604
949,1070,1164
950,8,721
950,11,926
950,13,665
950,14,1804
950,18,1078
950,23,789
950,31,196
950,178,1501
951,20,243
951,31,419
951,887,180
951,2079,78
952,31,384
952,1074,158
952,2083,102
953,31,109
954,31,295
955,31,359
956,18,615
956,45,287
957,18,359
958,17,174
958,18,213
958,46,362
959,18,146
960,18,156
960,187,110
961,17,144
961,18,397
961,30,1393
961,1070,1382
962,18,268
963,10,224
963,18,564
963,35,174
963,45,180
963,46,331
963,549,955
963,1274,1036
964,17,119
964,18,214
964,46,415
965,18,118
966,18,343
966,2074,45
967,18,393
967,1070,1258
967,1295,1447
968,18,213
968,178,466
968,363,607
968,549,896
968,1274,946
968,1295,1018
969,8,1022
969,10,578
969,14,653
969,17,374
969,18,224
969,46,207
969,549,1128
969,1274,1173
969,1295,1246
970,10,133
970,18,526
970,45,153
970,46,300
970,549,855
970,1274,935
1051,9,982
1051,15,825
1051,25,868
1051,363,456
1052,9,1213
1052,12,149
1052,15,1092
1052,45,241
1053,5,200
1053,9,1336
1053,10,444
1053,15,1200
1053,363,811
1053,549,1176
1053,1274,1263
1060,10,104
1060,1064,27
1061,10,238
1061,45,166
1061,46,377
1062,10,214
1062,178,178
1062,1067,126
1063,10,55
1063,549,781
1064,6,139
1064,10,120
1064,1060,27
1065,10,102
1066,6,176
1066,10,140
1066,2075,29
1067,10,91
1067,178,239
1068,10,250
1068,35,171
1068,45,192
1068,46,352
1068,178,557
1069,17,283
1069,30,1228
1069,549,1573
1069,1070,1259
1069,2106,46
1070,30,276
1070,36,1237
1070,41,1719
1070,42,667
1070,153,1261
1070,183,1549
1070,184,1470
1070,185,1027
1070,189,1445
1070,193,1024
1070,263,543
1070,267,873
1070,268,1486
1070,271,750
1070,282,705
1070,288,853
1070,292,879
1070,295,1063
1070,301,1309
1070,362,1135
1070,383,1219
1070,384,515
1070,385,1071
1070,387,1542
1070,391,438
1070,393,903
1070,395,1558
1070,405,942
1070,408,1285
1070,611,1449
1070,630,1497
1070,868,970
1070,874,977
1070,876,911
1070,884,1207
1070,885,325
1070,893,719
1070,907,477
1070,909,861
1070,916,1045
1070,917,979
1070,921,948
1070,924,278
1070,934,1092
1070,949,1164
1070,961,1382
1070,967,1258
1070,1069,1259
1070,1071,1370
1070,1274,1755
1070,1294,624
1070,2073,1269
1070,3046,545
1071,30,1451
1071,549,1025
1071,1070,1370
1071,1274,1050
1071,1295,1128
1072,17,256
1073,17,472
1073,46,198
1074,17,192
1074,952,158
1075,17,199
1076,17,114
1076,1079,154
1077,17,174
1078,17,256
1078,46,343
1078,1080,66
1079,17,255
1079,1076,154
1080,17,190
1080,1078,66
1081,5,91
1081,7,404
1081,12,198
1081,14,201
1081,32,190
1081,178,722
1081,1084,31
1081,1086,30
1081,2078,55
1081,2105,210
1082,5,148
1082,8,1657
1083,5,196
1083,35,393
1083,148,111
1084,5,61
1084,12,195
1084,1081,31
1085,5,109
1085,32,191
1086,5,70
1086,7,382
1086,14,175
1086,32,162
1086,1081,30
1086,2078,26
1087,5,332
1087,35,514
1088,5,45
1089,5,151
1090,5,127
1091,5,213
1092,2,397
1092,1768,16
1092,1772,42
1092,2024,115
1092,2325,94
1092,2327,75
1092,2328,67
1092,2329,40
1092,2330,163
1092,2339,152
1092,2345,95
1092,2350,72
1092,2354,8
1092,2356,111
1092,2360,71
1092,2371,136
1092,2382,24
1092,2385,13
1092,2621,36
1092,3006,99
1092,3009,87
1092,3122,77
1092,3258,144
1093,2,722
1093,159,501
1093,1109,203
1093,2361,151
1093,2370,58
1093,2376,85
1093,2396,179
1094,2,618
1094,1110,87
1094,2343,37
1094,2372,19
1094,3203,82
1095,2,159
1095,2379,212
1096,2,1188
1097,2,327
1097,1103,71
1098,2,252
1098,1769,12
1098,2313,16
1098,2344,84
1098,2349,57
1098,3236,47
1099,2,59
1100,2,117
1101,2,194
1102,2,569
1102,22,907
1102,1283,234
1102,2335,41
1102,2336,81
1102,2338,70
1102,2355,35
1102,2357,123
1102,2365,95
1102,2379,198
1102,3208,99
1103,2,287
1103,1097,71
1103,1771,32
1103,2358,83
1103,2388,13
1104,2,219
1104,1105,158
1104,2618,15
1104,2983,12
1104,3133,39
1105,2,317
1105,1104,158
1105,1770,11
1105,2337,43
1105,2340,77
1105,2350,26
1105,3008,60
1106,2,537
1106,1107,183
1106,1113,146
1106,2333,72
1106,2334,196
1106,2342,109
1106,2346,130
1106,2363,163
1106,2364,121
1106,2368,102
1106,2369,57
1106,2377,61
1106,2381,94
1106,2384,64
1106,2387,126
1106,2874,118
1107,2,546
1107,1106,183
1107,2321,74
1107,2326,56
1107,2331,129
1107,2341,59
1107,2359,150
1107,2366,74
1107,2373,79
1107,2378,48
1107,2386,43
1107,3256,147
1107,3257,154
1108,2,766
1108,1112,46
1109,2,624
1109,159,372
1109,1093,203
1109,2320,114
1109,2361,59
1110,2,555
1110,1094,87
1111,2,440
1111,2353,13
1111,2383,67
1111,2616,59
1112,2,763
1112,1108,46
1113,2,391
1113,1106,146
1113,2346,73
1113,2351,49
1113,2387,36
1113,2874,52
1114,2,125
1115,4,242
1116,4,130
1116,182,71
1116,187,232
1117,11,500
1118,11,123
1127,8,851
1127,13,392
1127,20,119
1127,31,503
1128,20,129
1128,940,198
1129,20,230
1151,18,396
1151,41,98
1151,45,299
1151,46,163
1151,178,476
1152,45,156
1152,178,604
1153,45,129
1154,45,107
1154,178,370
1155,46,284
1156,46,305
1157,46,243
1158,41,168
1158,1161,40
1159,41,154
1159,1160,52
1160,41,103
1160,1159,52
1161,41,143
1161,1158,40
1162,41,144
1162,178,287
1241,13,180
1241,26,94
1241,605,186
1272,22,212
1273,22,98
1274,3,917
1274,4,613
1274,21,596
1274,34,479
1274,36,1090
1274,41,933
1274,147,880
1274,182,653
1274,183,777
1274,184,841
1274,185,1045
1274,189,1078
1274,193,1188
1274,238,726
1274,240,1146
1274,242,913
1274,268,730
1274,283,1139
1274,295,895
1274,296,732
1274,301,966
1274,305,708
1274,308,1070
1274,309,1056
1274,359,937
1274,362,1126
1274,374,514
1274,379,833
1274,383,1519
1274,385,1334
1274,387,913
1274,395,1046
1274,396,588
1274,397,483
1274,408,1034
1274,429,551
1274,435,901
1274,438,1112
1274,441,520
1274,448,669
1274,526,1394
1274,609,971
1274,611,1174
1274,612,1007
1274,620,1041
1274,630,974
1274,631,592
1274,632,964
1274,963,1036
1274,968,946
1274,969,1173
1274,970,935
1274,1053,1263
1274,1070,1755
1274,1071,1050
1274,2073,842
1274,2085,722
1274,2090,822
1274,2097,1224
1274,2102,1239
1274,2109,929
1274,3273,529
1275,22,249
1275,920,26
1276,22,103
1283,22,679
1283,1102,234
1283,2348,55
1283,2365,182
1283,2375,82
1294,26,423
1294,30,358
1294,1070,624
1295,4,693
1295,18,1092
1295,21,647
1295,36,1170
1295,41,1001
1295,45,974
1295,147,942
1295,152,1144
1295,183,852
1295,184,917
1295,185,1125
1295,189,1155
1295,193,1268
1295,240,1185
1295,242,964
1295,268,807
1295,283,1186
1295,295,975
1295,301,1046
1295,305,782
1295,307,1084
1295,308,1131
1295,309,1102
1295,362,1207
1295,379,905
1295,387,988
1295,395,1120
1295,397,551
1295,425,995
1295,429,625
1295,435,967
1295,438,1166
1295,441,589
1295,609,1019
1295,611,1251
1295,620,1112
1295,630,1050
1295,632,1009
1295,967,1447
1295,968,1018
1295,969,1246
1295,1071,1128
1295,2073,922
1295,2090,892
1295,2102,1279
1295,2109,993
1295,3273,590
1661,31,221
1661,931,56
1768,1092,16
1768,2382,8
1769,1098,12
1769,2313,13
1770,2985,41
1771,2984,36
1772,1092,42
1772,2328,27
2024,3007,11
2048,159,110
2073,9,1029
2073,30,1396
2073,239,723
2073,363,694
2073,430,588
2073,549,835
2073,1070,1269
2073,1274,842
2073,1295,922
2074,18,340
2074,187,114
2074,966,45
2075,10,150
2075,18,443
2075,178,285
2075,549,729
2075,1066,29
2076,8,422
2076,188,230
2077,186,235
2077,2084,88
2078,32,149
2078,1081,55
2078,1086,26
2079,951,78
2080,292,200
2081,292,189
2082,8,352
2082,633,138
2083,952,102
2084,182,181
2084,2077,88
2085,178,235
2085,363,382
2085,549,666
2085,1274,722
2086,292,197
2087,187,149
2088,187,202
2089,188,61
2090,9,962
2090,15,791
2090,239,647
2090,430,675
2090,445,858
2090,549,768
2090,1274,822
2090,1295,892
2091,178,330
2091,190,255
2091,2094,542
2092,178,175
2093,190,188
2094,183,556
2094,2091,542
2095,5,261
2095,283,160
2096,187,101
2097,9,1311
2097,283,157
2097,549,1143
2097,1274,1224
2098,292,211
2099,187,187
2099,549,707
2100,149,181
2101,178,202
2102,9,1286
2102,15,1167
2102,363,782
2102,549,1144
2102,1274,1239
2102,1295,1279
2103,292,244
2104,187,119
2105,1081,210
2106,1069,46
2107,18,222
2107,187,93
2108,936,251
2109,363,532
2109,549,862
2109,1274,929
2109,1295,993
2313,1098,16
2320,1109,114
2320,2389,250
2321,1107,74
2321,2326,46
2322,159,178
2322,2347,84
2322,2380,39
2323,2996,27
2324,159,172
2324,2389,42
2325,1092,94
2325,2345,17
2326,1107,56
2326,2321,46
2327,3008,24
2327,3009,29
2328,1092,67
2328,3122,12
2329,1092,40
2329,2360,32
2330,1092,163
2330,2383,35
2330,3071,9
2331,1107,129
2331,3256,24
2331,3257,29
2332,159,267
2332,2362,43
2332,3114,61
2332,3491,34
2333,1106,72
2333,2377,15
2333,2381,22
2334,1106,196
2334,2363,38
2335,1102,41
2335,2355,25
2336,1102,81
2336,2338,17
2337,1105,43
2337,3069,34
2338,1102,70
2338,2336,17
2339,2371,18
2339,3258,29
2340,1105,77
2340,3207,21
2341,1107,59
2341,2386,19
2342,1106,109
2342,2364,71
2342,2384,51
2343,1094,37
2344,1098,84
2345,1092,95
2345,2325,17
2345,3122,30
2346,1106,130
2346,1113,73
2346,2381,40
2346,2387,39
2347,159,253
2347,2322,84
2348,1283,55
2349,1098,57
2349,2998,18
2350,1092,72
2350,1105,26
2350,3008,36
2351,1113,49
2351,2874,5
2352,2995,38
2353,1111,13
2353,3009,28
2354,3011,7
2355,1102,35
2355,2335,25
2356,3004,42
2356,3005,7
2357,1102,123
2357,2375,31
2358,3003,12
2359,1107,150
2359,2396,134
2360,1092,71
2360,2329,32
2360,3178,70
2361,1093,151
2361,1109,59
2362,159,224
2362,2332,43
2362,2367,103
2363,1106,163
2363,2334,38
2364,1106,121
2364,2342,71
2365,1102,95
2365,1283,182
2366,1107,74
2367,159,127
2367,2362,103
2368,2342,6
2369,1106,57
2369,2384,7
2370,1093,58
2370,2376,60
2371,1092,136
2371,2339,18
2371,3258,21
2372,1094,19
2373,1107,79
2373,2359,72
2374,159,108
2374,2601,53
2375,1283,82
2375,2357,31
2376,1093,85
2376,2370,60
2377,1106,61
2377,2333,15
2378,1107,48
2378,2373,43
2379,1095,212
2379,1102,198
2380,159,181
2380,2322,39
2381,1106,94
2381,2333,22
2381,2346,40
2382,2994,4
2383,1111,67
2383,2330,35
2383,2874,51
2384,1106,64
2384,2342,51
2384,2369,7
2385,1092,13
2386,1107,43
2386,2341,19
2387,1106,126
2387,1113,36
2387,2346,39
2388,3012,38
2389,159,142
2389,2320,250
2389,2324,42
2389,3166,43
2393,196,28
2394,196,79
2396,1093,179
2396,2359,134
2420,159,82
2601,159,90
2601,2374,53
2616,1111,59
2616,3071,13
2618,2983,7
2621,1092,36
2621,3066,16
2874,1106,118
2874,1113,52
2874,2351,5
2874,2383,51
2934,2389,26
2983,1104,12
2984,1103,52
2985,2987,26
2985,2993,34
2987,2993,9
2993,1105,78
2994,1092,22
2994,1768,6
2995,159,50
2996,159,130
2998,2349,18
3003,3014,46
3004,1092,153
3005,3013,33
3006,2356,14
3006,3005,21
3007,1092,122
3008,1092,71
3008,1105,60
3008,2350,36
3009,1092,87
3009,2353,28
3011,1092,6
3012,1103,43
3013,1092,95
3014,1103,139
3019,18,907
3019,45,766
3019,178,364
3019,632,801
3028,159,148
3046,13,611
3046,30,392
3046,1070,545
3066,2621,16
3069,2337,34
3069,3207,18
3071,2330,9
3071,2616,13
3114,2332,61
3122,1092,77
3122,2328,12
3122,2345,30
3133,1104,39
3166,2389,43
3166,3220,79
3178,2360,70
3203,1094,82
3207,2340,21
3207,3069,18
3208,1102,99
3220,3166,79
3236,1098,47
3256,1107,147
3256,2331,24
3256,3257,7
3257,1107,154
3257,2331,29
3258,1092,144
3259,8,225
3273,9,644
3273,34,668
3273,430,478
3273,549,457
3273,1274,529
3273,1295,590
3282,35,968
3283,13,696
3283,18,1337
3283,23,587
3283,31,556
3283,149,433
3285,3286,82
3286,31,573
3286,3285,82
3287,31,297
3288,18,288
3306,8,363
3314,17,187
3314,18,333
3323,31,218
3326,17,168
3326,187,330
3347,20,188
3416,8,335
3426,13,985
3426,20,1132
3426,23,710
3426,24,728
3426,26,1081
3426,28,1009
3426,30,894
3426,31,1034
3426,149,161
3439,18,784
3439,31,1130
3487,17,551
3487,31,582
3491,2332,34
